V1,V2,V3,V4,V5,V6,V7,V8,V9,V10,phenomenaOrder,condition1,condition2,condition3,phenomenon1,phenomenon2,phenomenon3,phenomenon4,phenomenon5,phenomenon6,MID,mTurkCode,Consent,Instructions,Q12,Q13,Q15,Q16,Q17,Q18,Q25,Q26,Q27,Q28,Q29,Q30,Q31,Q32,Q33,Q34,Q35,Q36,Q42,Q43,Q44,Q45,Q46,Q47,Q48,Q49,Q50,Q51,Q52,Q53,Q54,Q55,Q56,Q57,Q58,Q59,Q60,Q61,Q62,Q63,Q64,Q65,Q66,Q67,Q68,Q69,Q70,Q71,Q72,Q73,Q74,Q75,Q76,Q77,Q78,Q79,Q80,Q81,Q82,Q83,Q84,Q85,Q86,Q87,Q88,Q89,Q90,Q91,Q92,Q93,Q94,Q95,Q96,Q97,Q98,Q99,Q100,Q101,Q102,Q103,Q104,Q105,Q106,Q107,Q108,Q109,Q110,Q111,Q112,Q113,Q114,Q115,Q116,Q117,Q118,Q119,Q120,Q121,Q122,Q123,Q124,Q125,Q126,Q127,Q128,Q129,Q130,Q131,Attention Check,Outside Resources,Manipulation Check_1,Manipulation Check_2,Manipulation Check_3,Manipulation Check_4,Manipulation Check_5,Manipulation Check_6,Manipulation Check_7,Manipulation Check_8,Manipulation Check_9,Age,Gender,Race,Debriefing,DO-BR-FL_15,DO-BR-FL_30,DO-BR-FL_35,DO-BR-FL_40,DO-Q-Manipulation Check,LocationLatitude,LocationLongitude,LocationAccuracy
ResponseID,ResponseSet,Name,ExternalDataReference,EmailAddress,IPAddress,Status,StartDate,EndDate,Finished,phenomenaOrder,condition1,condition2,condition3,phenomenon1,phenomenon2,phenomenon3,phenomenon4,phenomenon5,phenomenon6,MID,mTurkCode,"By answering the following questions, you are participating in a study being performed by cogniti...",Instructions:   This experiment is about a variety of recent scientific discoveries made by DARPA...,DARPA has classified as secret a May 2014 study about a newly discovered rock that the agency’s s...,DARPA has classified as secret an April 2014 study about a newly discovered species of fish that...,"DARPA has classified as secret a June 2014 study about a newly discovered, protein-like ice cryst...","DARPA has classified as secret a May 2014 study about a newly discovered, rare weather subsystem...",DARPA has classified as secret a July 2014 study about a newly discovered kind of sand that the a...,DARPA has classified as secret a May 2014 study about a newly discovered form of petrified wood t...,DARPA has published a May 2014 study about a newly discovered rock that the agency’s scientists h...,DARPA has published an April 2014 study about a newly discovered species of fish that the agency’...,"DARPA has published a June 2014 study about a newly discovered, protein-like ice crystal that the...","DARPA has published a May 2014 study about a newly discovered, rare weather subsystem that the ag...",DARPA has published a July 2014 study about a newly discovered kind of sand that the agency’s sci...,DARPA has published a May 2014 study about a newly discovered form of petrified wood that the age...,DARPA has published a May 2014 study about a newly discovered rock that the agency’s scientists h...,DARPA has published an April 2014 study about a newly discovered species of fish that the agency’...,"DARPA has published a June 2014 study about a newly discovered, protein-like ice crystal that the...","DARPA has published a May 2014 study about a newly discovered, rare weather subsystem that the ag...",DARPA has published a July 2014 study about a newly discovered kind of sand that the agency’s sci...,DARPA has published a May 2014 study about a newly discovered form of petrified wood that the age...,DARPA has classified as secret a May 2014 study about a newly discovered rock that the agency’s s...,DARPA has classified as secret an April 2014 study about a newly discovered species of fish that...,"DARPA has classified as secret a June 2014 study about a newly discovered, protein-like ice cryst...","DARPA has classified as secret a May 2014 study about a newly discovered, rare weather subsystem...",DARPA has classified as secret a July 2014 study about a newly discovered kind of sand that the a...,DARPA has classified as secret a May 2014 study about a newly discovered form of petrified wood t...,DARPA has published a May 2014 study about a newly discovered rock that the agency’s scientists h...,DARPA has published an April 2014 study about a newly discovered species of fish that the agency’...,"DARPA has published a June 2014 study about a newly discovered, protein-like ice crystal that the...","DARPA has published a May 2014 study about a newly discovered, rare weather subsystem that the ag...",DARPA has published a July 2014 study about a newly discovered kind of sand that the agency’s sci...,DARPA has published a May 2014 study about a newly discovered form of petrified wood that the age...,DARPA has published a May 2014 study about a newly discovered rock that the agency’s scientists h...,DARPA has published an April 2014 study about a newly discovered species of fish that the agency’...,"DARPA has published a June 2014 study about a newly discovered, protein-like ice crystal that the...","DARPA has published a May 2014 study about a newly discovered, rare weather subsystem that the ag...",DARPA has published a July 2014 study about a newly discovered kind of sand that the agency’s sci...,DARPA has published a May 2014 study about a newly discovered form of petrified wood that the age...,DARPA has classified as secret a May 2014 study about a newly discovered rock that the agency’s s...,DARPA has classified as secret an April 2014 study about a newly discovered species of fish that...,"DARPA has classified as secret a June 2014 study about a newly discovered, protein-like ice cryst...","DARPA has classified as secret a May 2014 study about a newly discovered, rare weather subsystem...",DARPA has classified as secret a July 2014 study about a newly discovered kind of sand that the a...,DARPA has classified as secret a May 2014 study about a newly discovered form of petrified wood t...,DARPA has published a May 2014 study about a newly discovered rock that the agency’s scientists h...,DARPA has published an April 2014 study about a newly discovered species of fish that the agency’...,"DARPA has published a June 2014 study about a newly discovered, protein-like ice crystal that the...","DARPA has published a May 2014 study about a newly discovered, rare weather subsystem that the ag...",DARPA has published a July 2014 study about a newly discovered kind of sand that the agency’s sci...,DARPA has published a May 2014 study about a newly discovered form of petrified wood that the age...,DARPA has published a May 2014 study about a newly discovered rock that the agency’s scientists h...,DARPA has published an April 2014 study about a newly discovered species of fish that the agency’...,"DARPA has published a June 2014 study about a newly discovered, protein-like ice crystal that the...","DARPA has published a May 2014 study about a newly discovered, rare weather subsystem that the ag...",DARPA has published a July 2014 study about a newly discovered kind of sand that the agency’s sci...,DARPA has published a May 2014 study about a newly discovered form of petrified wood that the age...,DARPA has classified as secret a May 2014 study about a newly discovered rock that the agency’s s...,DARPA has classified as secret an April 2014 study about a newly discovered species of fish that...,"DARPA has classified as secret a June 2014 study about a newly discovered, protein-like ice cryst...","DARPA has classified as secret a May 2014 study about a newly discovered, rare weather subsystem...",DARPA has classified as secret a July 2014 study about a newly discovered kind of sand that the a...,DARPA has classified as secret a May 2014 study about a newly discovered form of petrified wood t...,DARPA has published a May 2014 study about a newly discovered rock that the agency’s scientists h...,DARPA has published an April 2014 study about a newly discovered species of fish that the agency’...,"DARPA has published a June 2014 study about a newly discovered, protein-like ice crystal that the...","DARPA has published a May 2014 study about a newly discovered, rare weather subsystem that the ag...",DARPA has published a July 2014 study about a newly discovered kind of sand that the agency’s sci...,DARPA has published a May 2014 study about a newly discovered form of petrified wood that the age...,DARPA has published a May 2014 study about a newly discovered rock that the agency’s scientists h...,DARPA has published an April 2014 study about a newly discovered species of fish that the agency’...,"DARPA has published a June 2014 study about a newly discovered, protein-like ice crystal that the...","DARPA has published a May 2014 study about a newly discovered, rare weather subsystem that the ag...",DARPA has published a July 2014 study about a newly discovered kind of sand that the agency’s sci...,DARPA has published a May 2014 study about a newly discovered form of petrified wood that the age...,DARPA has classified as secret a May 2014 study about a newly discovered rock that the agency’s s...,DARPA has classified as secret an April 2014 study about a newly discovered species of fish that...,"DARPA has classified as secret a June 2014 study about a newly discovered, protein-like ice cryst...","DARPA has classified as secret a May 2014 study about a newly discovered, rare weather subsystem...",DARPA has classified as secret a July 2014 study about a newly discovered kind of sand that the a...,DARPA has classified as secret a May 2014 study about a newly discovered form of petrified wood t...,DARPA has published a May 2014 study about a newly discovered rock that the agency’s scientists h...,DARPA has published an April 2014 study about a newly discovered species of fish that the agency’...,"DARPA has published a June 2014 study about a newly discovered, protein-like ice crystal that the...","DARPA has published a May 2014 study about a newly discovered, rare weather subsystem that the ag...",DARPA has published a July 2014 study about a newly discovered kind of sand that the agency’s sci...,DARPA has published a May 2014 study about a newly discovered form of petrified wood that the age...,DARPA has published a May 2014 study about a newly discovered rock that the agency’s scientists h...,DARPA has published an April 2014 study about a newly discovered species of fish that the agency’...,"DARPA has published a June 2014 study about a newly discovered, protein-like ice crystal that the...","DARPA has published a May 2014 study about a newly discovered, rare weather subsystem that the ag...",DARPA has published a July 2014 study about a newly discovered kind of sand that the agency’s sci...,DARPA has published a May 2014 study about a newly discovered form of petrified wood that the age...,DARPA has classified as secret a May 2014 study about a newly discovered rock that the agency’s s...,DARPA has classified as secret an April 2014 study about a newly discovered species of fish that...,"DARPA has classified as secret a June 2014 study about a newly discovered, protein-like ice cryst...","DARPA has classified as secret a May 2014 study about a newly discovered, rare weather subsystem...",DARPA has classified as secret a July 2014 study about a newly discovered kind of sand that the a...,DARPA has classified as secret a May 2014 study about a newly discovered form of petrified wood t...,DARPA has published a May 2014 study about a newly discovered rock that the agency’s scientists h...,DARPA has published an April 2014 study about a newly discovered species of fish that the agency’...,"DARPA has published a June 2014 study about a newly discovered, protein-like ice crystal that the...","DARPA has published a May 2014 study about a newly discovered, rare weather subsystem that the ag...",DARPA has published a July 2014 study about a newly discovered kind of sand that the agency’s sci...,DARPA has published a May 2014 study about a newly discovered form of petrified wood that the age...,DARPA has published a May 2014 study about a newly discovered rock that the agency’s scientists h...,DARPA has published an April 2014 study about a newly discovered species of fish that the agency’...,"DARPA has published a June 2014 study about a newly discovered, protein-like ice crystal that the...","DARPA has published a May 2014 study about a newly discovered, rare weather subsystem that the ag...",DARPA has published a July 2014 study about a newly discovered kind of sand that the agency’s sci...,DARPA has published a May 2014 study about a newly discovered form of petrified wood that the age...,We are interested in people’s understanding of scientific discoveries. Research has shown that a...,"Did you use any other websites or applications while completing / this survey, and if so, which o...","For the purposes of this survey, we need to know that you have been paying attention to the descr...-Flying Fish","For the purposes of this survey, we need to know that you have been paying attention to the descr...-Reflective Smoke","For the purposes of this survey, we need to know that you have been paying attention to the descr...-Self-Forming Glass","For the purposes of this survey, we need to know that you have been paying attention to the descr...-Glowing Rocks","For the purposes of this survey, we need to know that you have been paying attention to the descr...-Liquid Helium Weather Systems","For the purposes of this survey, we need to know that you have been paying attention to the descr...-Warm Ice","For the purposes of this survey, we need to know that you have been paying attention to the descr...-Non-Flammable Wood","For the purposes of this survey, we need to know that you have been paying attention to the descr...-Jumping Snails","For the purposes of this survey, we need to know that you have been paying attention to the descr...-Cold Energy",What is your age in years?,What is your gender?,What is your race?,This study is concerned with people's perceptions about communal knowledge. Communal knowledge is...,Display Order: Block Randomizer FL_15,Display Order: Block Randomizer FL_30,Display Order: Block Randomizer FL_35,Display Order: Block Randomizer FL_40,"Display Order: For the purposes of this survey, we need to know that you have been paying attention to the descr...",LocationLatitude,LocationLongitude,LocationAccuracy
R_3qyaSIA0bVoN4mK,Default Response Set,Anonymous,,,171.66.208.10,0,3/21/2017 16:33,3/21/2017 16:34,1,,secret_cok,public_noncok,public_cok,flying_fish,warm_ice,glowing_rocks,liquid_helium,self_forming_glass,reflective_smoke,,278450,1,1,,4,,,,,,,,,,,,,,,,,,,4,,,,,,,,,,,,,,,,,,,,,,,,,,,,4,,,,,,,,,,,,,,,,,,,,,4,,,,,,,,,,,,,4,,,,,,,,,,,,,,,,,,,4,,,,,,,8,asdf,,,,,,,,1,,12,2,2,1,FL_27,FL_33,,,2|1|4|9|8|5|3|6|7,37.4178009,-122.1719971,-1
R_2afzUBmYutCjUal,Default Response Set,Anonymous,,,75.172.162.241,0,3/21/2017 21:45,3/21/2017 21:48,1,,public_noncok,secret_cok,public_cok,reflective_smoke,self_forming_glass,liquid_helium,glowing_rocks,flying_fish,warm_ice,,225475,1,1,,,,,,,,,,,,,,,,,,1,,,,,,,,,,,,,,,,,2,,,,,2,,,,,,,,,,,,,,,1,,,,,,,,,,,,,,,,,,,,,,,,,3,,,,,,,,,,,,,,,,,,,1,,,,,,,,,,16,No,1,1,1,1,1,1,,,,27,1,6,1,FL_29,,,FL_41,2|8|6|1|5|3|4|7|9,33.46270752,-111.9856033,-1
R_2AKfJVtpvS05TnP,Default Response Set,Anonymous,,,207.62.170.210,0,3/21/2017 21:45,3/21/2017 21:48,1,,public_noncok,secret_cok,public_cok,flying_fish,liquid_helium,glowing_rocks,reflective_smoke,self_forming_glass,warm_ice,,516973,1,1,,,,,,,,,,,,,,2,,,,,,,,,,,,,,,,,,,,1,,,1,,,,,,,,,,,,,,,,,,,,,,,2,,,,,,,,,,,,,,,,,,,,,,,1,,,,,,,,,,,,,,,,3,,,,,,,,,,16,no,1,1,1,1,1,1,,,,19,1,6,1,FL_29,,,FL_41,7|3|4|8|2|6|1|9|5,35.34710693,-120.4552994,-1
R_2qDyxSFwaXbju2v,Default Response Set,Anonymous,,,70.185.200.216,0,3/21/2017 21:46,3/21/2017 21:48,1,,public_cok,public_noncok,secret_cok,liquid_helium,self_forming_glass,flying_fish,reflective_smoke,glowing_rocks,warm_ice,,511138,1,1,,,,,,,,,,6,,,,,,,,,,,,,,,,,,,4,,,,,,,,,,,,,,,,,,,,,3,,,,,,,,,,,,,,,,,,,,,,5,5,,,,,,,,,,,,,,,,,,,,6,,,,,,,,,,,,,,,,16,no,1,,,,,1,,,1,46,1,1,1,FL_28,,FL_37,,9|5|4|1|7|3|6|8|2,35.96640015,-96.16300201,-1
R_tKuJUcgXRjRCeaJ,Default Response Set,Anonymous,,,24.178.42.105,0,3/21/2017 21:46,3/21/2017 21:48,1,,public_noncok,public_cok,secret_cok,reflective_smoke,glowing_rocks,liquid_helium,self_forming_glass,flying_fish,warm_ice,,856354,1,1,,,,,,,,,,,,,,,,,,1,,,,,,,,,,,,,1,,,,,,,,,,,,,,,2,,,,,,,,,,,,,,,,,,,1,,,,,,,,,1,,,,,,,,,,,,,,,,,,,1,,,,,,,,,,,,,,,,16,no,1,1,1,1,1,1,,,,32,2,6,1,FL_29,,,FL_42,1|6|5|3|8|2|7|9|4,43.13310242,-89.34909821,-1
R_3EF23nTGmtbfmJm,Default Response Set,Anonymous,,,50.139.24.178,0,3/21/2017 21:46,3/21/2017 21:48,1,,public_noncok,public_cok,secret_cok,reflective_smoke,self_forming_glass,liquid_helium,warm_ice,glowing_rocks,flying_fish,,678472,1,1,,,,,,,,,,,,,,,,,,1,,,,,,,,,,,,,,,,,1,,,,,,,,,,,1,,,,,,,,,,,,,,,,,1,,,,,,,,,,1,,,,,,,,,,,,,,,,,,,1,,,,,,,,,,,,,,,,,16,no,1,1,1,1,1,1,1,,,25,2,6,1,FL_29,,,FL_42,6|9|4|3|7|2|5|8|1,45.57739258,-122.6208038,-1
R_reSNCLGvapbFROp,Default Response Set,Anonymous,,,66.191.237.66,0,3/21/2017 21:46,3/21/2017 21:48,1,,public_cok,secret_cok,public_noncok,reflective_smoke,liquid_helium,warm_ice,flying_fish,glowing_rocks,self_forming_glass,,686498,1,1,,,,,,,,,,,,4,,,,,,,,,,,,,,,,3,,,,,,,,,,,2,,,,,,,,,,,,,,,,,5,,,,,,,,,,,,,,,,,,,,,,,,,,,,,1,,,,,,,,,,,,,,,,,,,,,,2,,16,N/A,1,1,,1,1,1,,,,30,1,6,1,FL_28,,FL_36,,1|7|8|2|9|6|5|3|4,35.85719299,-84.0177002,-1
R_Toc0Lyws5E3keWZ,Default Response Set,Anonymous,,,47.33.134.18,0,3/21/2017 21:45,3/21/2017 21:48,1,,secret_cok,public_noncok,public_cok,glowing_rocks,warm_ice,reflective_smoke,self_forming_glass,flying_fish,liquid_helium,,676053,1,1,1,,,,,,,,,,,,,,,,,,,,1,,,,,,,,,,,,,,,,,,,,,,,,,,,,,,,,,1,,,,,,,,,,,,,,,,,1,,,,,,,,,2,,,,,,,,,,,,,,,,,,,,1,,,,,,,,,,no,1,1,1,1,1,1,,,,29,2,6,1,FL_27,FL_33,,,5|1|2|3|4|9|6|8|7,46.41819763,-118.9002991,-1
R_3JIqX8YAD99aGtg,Default Response Set,Anonymous,,,148.75.164.241,0,3/21/2017 21:45,3/21/2017 21:49,1,,public_noncok,public_cok,secret_cok,flying_fish,self_forming_glass,glowing_rocks,liquid_helium,warm_ice,reflective_smoke,,832954,1,1,,,,,,,,,,,,,,1,,,,,,,,,,,,,,,,,,,,,1,,,,,,,,1,,,,,,,,,,,,,,,,,,,,,1,,,,,,,,,,,1,,,,,,,,,,,,,,,,,,,,,1,,,,,,,,,,,,,16,None,1,1,1,1,1,1,,,,31,1,6,1,FL_29,,,FL_42,6|3|1|5|2|7|9|4|8,41.13960266,-73.4056015,-1
R_1MSXspTQiALgADj,Default Response Set,Anonymous,,,104.200.154.96,0,3/21/2017 21:46,3/21/2017 21:49,1,,public_cok,public_noncok,secret_cok,self_forming_glass,warm_ice,glowing_rocks,flying_fish,liquid_helium,reflective_smoke,,354258,1,1,,,,,,,,,,,1,,,,,,,,,,,,,,,,1,,,,,,,,,,,,,,,,,,,,,,1,,,,,,,,,,,,,,,,,,,3,,,,,,,,1,,,,,,,,,,,,,,,,,,,,1,,,,,,,,,,,,,16,N/A,1,1,1,1,1,1,,,,31,2,6,1,FL_28,,FL_37,,8|4|5|9|3|6|7|2|1,47.54200745,-122.3123016,-1
R_rpsTiSXuL9iNzLH,Default Response Set,Anonymous,,,71.63.196.113,0,3/21/2017 21:45,3/21/2017 21:49,1,,public_cok,secret_cok,public_noncok,liquid_helium,flying_fish,self_forming_glass,reflective_smoke,warm_ice,glowing_rocks,,496452,1,1,,,,,,,,,,5,,,,,,,,,,,,,,,,6,,,,,,,,,,,,,,,5,,,,,,,,,,,,,,,,,,,4,,,,,,,,,,,,,,,,,,,,,,,,,,,6,,,,,,,,,,,,,,,,5,,,,,,16,,1,1,,1,1,,1,,,33,2,2,1,FL_28,,FL_36,,1|5|4|9|8|6|7|2|3,45.44070435,-122.6156998,-1
R_1mrA8aV1TCgXIZk,Default Response Set,Anonymous,,,216.110.208.83,0,3/21/2017 21:46,3/21/2017 21:49,1,,public_noncok,public_cok,secret_cok,warm_ice,reflective_smoke,flying_fish,glowing_rocks,liquid_helium,self_forming_glass,,187230,1,1,,,,,,,,,,,,,,,1,,,,,,,,,,,,,,,,,,,,,1,,,,,,,,1,,,,,,,,,,,,,,,,,1,,,,,,,,,,,,,,,1,,,,,,,,,,,,,,,,,,,1,,,,,,,,,,,,,,16,no,1,1,1,1,1,1,,,,23,1,6,1,FL_29,,,FL_42,2|3|7|6|5|1|4|8|9,43.21650696,-123.3417053,-1
R_2SjI6o3JiWST0ya,Default Response Set,Anonymous,,,98.178.189.54,0,3/21/2017 21:45,3/21/2017 21:49,1,,public_cok,public_noncok,secret_cok,glowing_rocks,reflective_smoke,flying_fish,liquid_helium,self_forming_glass,warm_ice,,691346,1,1,,,,,,,1,,,,,,,,,,,,,,,,,,,,,,,4,,,,,,,,,,,,,,,,,,,,4,,,,,,,,,,,,,,,,,,,,4,,,,,,,4,,,,,,,,,,,,,,,,4,,,,,,,,,,,,,,,,16,"No I didn't, but I did read each paragraph. ",1,1,1,1,1,1,1,,,29,1,7,1,FL_28,,FL_37,,2|9|1|7|5|6|4|8|3,36.07969666,-96.21779633,-1
R_2xDG58RKowqN4gq,Default Response Set,Anonymous,,,73.19.130.68,0,3/21/2017 21:46,3/21/2017 21:50,1,,secret_cok,public_noncok,public_cok,flying_fish,warm_ice,self_forming_glass,glowing_rocks,reflective_smoke,liquid_helium,,443203,1,1,,1,,,,,,,,,,,,,,,,,,,4,,,,,,,,,,,,,,,,,,,,,,,,,,,,,,,,5,,,,,,,,,,,,,,3,,,,,,,,,,,,,,,,,5,,,,,,,,,,,,,,,,4,,,,,,,,,16,no,1,1,1,1,1,1,1,,,25,1,6,1,FL_27,FL_33,,,8|1|7|6|3|9|5|2|4,31.15029907,-85.41139984,-1
R_3IXppveIhWEI3Lw,Default Response Set,Anonymous,,,64.129.26.4,0,3/21/2017 21:45,3/21/2017 21:50,1,,public_noncok,secret_cok,public_cok,glowing_rocks,reflective_smoke,flying_fish,self_forming_glass,liquid_helium,warm_ice,,705973,1,1,,,,,,,,,,,,,1,,,,,,,,,,,,,,,,,,,,,,,2,,1,,,,,,,,,,,,,,,,,,,,,2,,,,,,,,,,,,,,,,,,,,,,,2,,,,,,,,,,,,,,,,,2,,,,,,,,,,16,no,1,1,1,1,1,,,,,41,1,6,1,FL_29,,,FL_41,5|4|2|3|9|7|6|1|8,42.74949646,-73.5951004,-1
R_1qWI3lqCeNHSmS3,Default Response Set,Anonymous,,,47.211.101.42,0,3/21/2017 21:47,3/21/2017 21:50,1,,public_noncok,public_cok,secret_cok,flying_fish,reflective_smoke,warm_ice,glowing_rocks,liquid_helium,self_forming_glass,,925246,1,1,,,,,,,,,,,,,,4,,,,,,,,,,,,,,,,,,,,,,5,,,,,,,,,4,,,,,,,,,,,,,,,,5,,,,,,,,,,,,,,,6,,,,,,,,,,,,,,,,,,,5,,,,,,,,,,,,,,16,None,1,1,1,1,1,1,,,,26,1,6,1,FL_29,,,FL_42,7|9|8|3|4|6|1|5|2,31.32240295,-92.43430328,-1
R_D2cn5cP3xSiTG13,Default Response Set,Anonymous,,,104.50.241.227,0,3/21/2017 21:48,3/21/2017 21:50,1,,public_cok,public_noncok,secret_cok,liquid_helium,glowing_rocks,self_forming_glass,reflective_smoke,warm_ice,flying_fish,,308783,1,1,,,,,,,,,,4,,,,,,,,,,,,,,,4,,,,,,,,,,,,,,,,,,,,,,,,,,,,5,,,,,,,,,,,,,,,,,,,3,,,3,,,,,,,,,,,,,,,,,2,,,,,,,,,,,,,,,,,4,no,,,,,,1,,,,26,3,3,1,FL_28,,FL_37,,1|2|3|6|8|4|7|5|9,33.95820618,-118.3614044,-1
R_1QmY1fdxY6bdL1V,Default Response Set,Anonymous,,,69.249.103.153,0,3/21/2017 21:47,3/21/2017 21:50,1,,secret_cok,public_noncok,public_cok,reflective_smoke,glowing_rocks,self_forming_glass,warm_ice,liquid_helium,flying_fish,,641312,1,1,,,,,,2,,,,,,,,,,,,,3,,,,,,,,,,,,,,,,,,,,,,,,,,,,,,,,,,4,,,,,,,,,,,,,,,,6,,,,,,,,,,,,,7,,,,,,,,,,,,,,,,7,,,,,,,,,,,16,"No, I was focused on this survey.",,1,1,1,1,,,,1,21,1,6,1,FL_27,FL_33,,,9|6|7|3|4|5|8|1|2,39.74719238,-75.59179688,-1
R_yrsQhQ4fgzgrffH,Default Response Set,Anonymous,,,75.118.79.166,0,3/21/2017 21:46,3/21/2017 21:50,1,,public_cok,public_noncok,secret_cok,self_forming_glass,liquid_helium,reflective_smoke,glowing_rocks,flying_fish,warm_ice,,749924,1,1,,,,,,,,,,,1,,,,,,,,,,,,,,,,,1,,,,,,,,,,,,,,,,,,,,,,,,,,1,,,,,,,,,,,,,1,,,,,,,1,,,,,,,,,,,,,,,,,,,1,,,,,,,,,,,,,,,,16,no,1,1,1,1,1,1,,,,36,2,6,1,FL_28,,FL_37,,8|5|2|3|4|6|9|1|7,40.10090637,-83.01409912,-1
R_3lYtelUg9jhjrIp,Default Response Set,Anonymous,,,172.5.126.51,0,3/21/2017 21:46,3/21/2017 21:50,1,,public_cok,secret_cok,public_noncok,liquid_helium,warm_ice,glowing_rocks,reflective_smoke,flying_fish,self_forming_glass,,699819,1,1,,,,,,,,,,1,,,,,,,,,,,,,,,,,1,,,,,,,,,,1,,,,,,,,,,,,,,,,,,,,,,,1,,,,,,,,,,,,,,,,,,,,,,,,,,1,,,,,,,,,,,,,,,,,,,,,1,,16,none,1,1,1,,1,1,,,,38,2,2,1,FL_28,,FL_36,,7|4|9|1|8|6|2|5|3,37.45759583,-122.1040955,-1
R_vcnS5jcEKlN12KZ,Default Response Set,Anonymous,,,184.101.72.143,0,3/21/2017 21:45,3/21/2017 21:50,1,,secret_cok,public_noncok,public_cok,flying_fish,warm_ice,glowing_rocks,liquid_helium,reflective_smoke,self_forming_glass,,805920,1,1,,2,,,,,,,,,,,,,,,,,,,1,,,,,,,,,,,,,,,,,,,,,,,,,,,,1,,,,,,,,,,,,,,,,,,,,,1,,,,,,,,,,,,,,1,,,,,,,,,,,,,,,,,1,,,,,,,,16,no,1,1,,1,1,1,,,,70,1,6,1,FL_27,FL_33,,,2|7|4|9|5|1|8|3|6,33.59129333,-112.107399,-1
R_2ARpbi9FlgFXoX8,Default Response Set,Anonymous,,,104.2.10.117,0,3/21/2017 21:47,3/21/2017 21:50,1,,secret_cok,public_noncok,public_cok,reflective_smoke,glowing_rocks,liquid_helium,self_forming_glass,flying_fish,warm_ice,,604073,1,1,,,,,,1,,,,,,,,,,,,,1,,,,,,,,,,,,,,,,,,,,,,,,,,,,,,,,,3,,,,,,,,,,,,,,,,,,,4,,,,,,,,,4,,,,,,,,,,,,,,,,,,,5,,,,,,,,,,16,no,1,1,1,1,1,,,,,33,1,6,1,FL_27,FL_33,,,2|8|7|6|5|1|4|9|3,40.11439514,-88.28130341,-1
R_27wgWYZZUXXoaGF,Default Response Set,Anonymous,,,107.10.210.189,0,3/21/2017 21:46,3/21/2017 21:51,1,,public_cok,public_noncok,secret_cok,warm_ice,flying_fish,self_forming_glass,liquid_helium,reflective_smoke,glowing_rocks,,804664,1,1,,,,,,,,,1,,,,,,,,,,,,,,,,,1,,,,,,,,,,,,,,,,,,,,,,,,,,,1,,,,,,,,,,,,,,,,,1,,,,,,,,1,,,,,,,,,,,,,1,,,,,,,,,,,,,,,,,,16,no,1,,1,,1,1,,,,35,1,6,1,FL_28,,FL_37,,5|2|1|7|4|9|6|3|8,41.44520569,-81.69960022,-1
R_26kZuWRUhM9ckrP,Default Response Set,Anonymous,,,98.207.69.212,0,3/21/2017 21:48,3/21/2017 21:51,1,,secret_cok,public_cok,public_noncok,self_forming_glass,liquid_helium,warm_ice,flying_fish,glowing_rocks,reflective_smoke,,156398,1,1,,,,,1,,,,,,,,,,,,,,,,,2,,,,,,,,,,,,,,,,,,,,,,,2,,,,,,,,,,,,,,,,,2,,,,,,,,,,,,,,,,,,,,,,,1,,,,,,,,,,,,,,,,,,,,,,,1,16,iTunes-- music,1,1,1,1,1,1,,,,23,2,2,1,FL_27,FL_31,,,3|4|6|1|9|8|5|7|2,37.86990356,-122.0709991,-1
R_pPEAMoLxhkKvwI1,Default Response Set,Anonymous,,,66.42.132.189,0,3/21/2017 21:46,3/21/2017 21:51,1,,secret_cok,public_cok,public_noncok,warm_ice,glowing_rocks,flying_fish,reflective_smoke,liquid_helium,self_forming_glass,,669588,1,1,,,2,,,,,,,,,,,,,,,,3,,,,,,,,,,,,,,,,,,,,,,,,,2,,,,,,,,,,,,,,,,,,,,,,2,,,,,,,,,,,,,,,,,,,,,,1,,,,,,,,,,,,,,,,,,,1,,16,no,1,1,,1,1,1,,,,26,1,6,1,FL_27,FL_31,,,3|7|1|5|9|6|4|2|8,39.33760071,-84.40440369,-1
R_XZza7GtT3AMzaet,Default Response Set,Anonymous,,,70.173.196.223,0,3/21/2017 21:45,3/21/2017 21:51,1,,public_cok,secret_cok,public_noncok,flying_fish,reflective_smoke,glowing_rocks,warm_ice,liquid_helium,self_forming_glass,,613180,1,1,,,,,,,,3,,,,,,,,,,,,,,,,,,,,,,1,,,,,,,1,,,,,,,,,,,,,,,,,,,,1,,,,,,,,,,,,,,,,,,,,,,,,,,,,,,,1,,,,,,,,,,,,,,,,,,,1,,16,no,1,1,1,1,1,,,,,50,1,6,1,FL_28,,FL_36,,5|6|8|1|7|2|4|3|9,36.17500305,-115.1371994,-1
R_1ertUuzQoImMn0A,Default Response Set,Anonymous,,,216.14.245.165,0,3/21/2017 21:46,3/21/2017 21:51,1,,secret_cok,public_noncok,public_cok,flying_fish,glowing_rocks,warm_ice,liquid_helium,reflective_smoke,self_forming_glass,,254821,1,1,,4,,,,,,,,,,,,,,,,,2,,,,,,,,,,,,,,,,,,,,,,,,,,,,,,,,1,,,,,,,,,,,,,,,,,,,1,,,,,,,,,,,,,,4,,,,,,,,,,,,,,,,,3,,,,,,,,14,no,1,1,,1,1,1,1,,,50,1,6,1,FL_27,FL_33,,,4|2|8|1|9|6|7|5|3,47.5625,-115.4420013,-1
R_27rgpHOAhj71PRf,Default Response Set,Anonymous,,,173.67.160.114,0,3/21/2017 21:48,3/21/2017 21:52,1,,public_cok,secret_cok,public_noncok,glowing_rocks,warm_ice,flying_fish,reflective_smoke,liquid_helium,self_forming_glass,,146168,1,1,,,,,,,1,,,,,,,,,,,,,,,,,,,,1,,,,,,,,,,,1,,,,,,,,,,,,,,,,,,,,,,1,,,,,,,,,,,,,,,,,,,,,,,,,,,,1,,,,,,,,,,,,,,,,,,,1,,16,no,1,1,1,1,1,1,,,,31,2,7,1,FL_28,,FL_36,,9|1|4|5|2|7|3|8|6,40.00520325,-76.32460022,-1
R_AzJJt0lKBFOwlIl,Default Response Set,Anonymous,,,75.111.214.236,0,3/21/2017 21:47,3/21/2017 21:52,1,,secret_cok,public_cok,public_noncok,self_forming_glass,warm_ice,reflective_smoke,glowing_rocks,flying_fish,liquid_helium,,985887,1,1,,,,,2,,,,,,,,,,,,,,,,1,,,,,,,,,,,,,,,,,,,,,,,,,,,3,,,,,,,,,,,,,2,,,,,,,,,,,,,,,,,,,,,,,,,1,,,,,,,,,,,,,,,,,,,,1,,,16,I did not use any outside sources while completing this study.,1,1,1,1,1,1,,,,28,1,6,1,FL_27,FL_31,,,2|6|4|8|3|9|5|7|1,33.54859924,-101.9224014,-1
R_9mZp0QvYVnBWS2t,Default Response Set,Anonymous,,,66.41.57.181,0,3/21/2017 21:48,3/21/2017 21:52,1,,secret_cok,public_noncok,public_cok,warm_ice,liquid_helium,reflective_smoke,self_forming_glass,flying_fish,glowing_rocks,,285550,1,1,,,1,,,,,,,,,,,,,,,,,,,1,,,,,,,,,,,,,,,,,,,,,,,,,,,,,,,,1,,,,,,,,,,,,,,,,,2,,,,,,,,,4,,,,,,,,,,,,,,,,,2,,,,,,,,,,,,16,no,1,1,1,1,1,1,,,,27,1,6,1,FL_27,FL_33,,,8|6|7|4|9|3|2|5|1,41.89630127,-88.74420166,-1
R_1eQtZo7YYlblEw7,Default Response Set,Anonymous,,,76.20.27.116,0,3/21/2017 21:50,3/21/2017 21:52,1,,public_noncok,secret_cok,public_cok,liquid_helium,reflective_smoke,flying_fish,self_forming_glass,warm_ice,glowing_rocks,,972450,1,1,,,,,,,,,,,,,,,,,,,,,,,,,,,,,,,,,,,,5,,3,,,,,,,,,,,,,,,,,,,,,6,,,,,,,,,,,,,,,,,,,,,,4,,,,,,,,,,,,,,,,3,,,,,,,,,,,,16,no,,,1,,1,,,,1,26,2,4,1,FL_29,,,FL_41,9|3|5|6|1|8|4|7|2,39.50509644,-121.6764984,-1
R_3k26u30F3ssBkcC,Default Response Set,Anonymous,,,98.238.190.195,0,3/21/2017 21:45,3/21/2017 21:52,1,,public_noncok,secret_cok,public_cok,glowing_rocks,reflective_smoke,warm_ice,liquid_helium,self_forming_glass,flying_fish,,266778,1,1,,,,,,,,,,,,,1,,,,,,,,,,,,,,,,,,,,,,,1,,,1,,,,,,,,,,,,,,,,,,,1,,,,,,,,,,,,,,,,,,,,,,,,,1,,,,,,,,,,,,,,,1,,,,,,,,,,,16,no,1,1,1,1,1,1,,,,50,2,7,1,FL_29,,,FL_41,1|6|5|2|8|4|9|7|3,38.69259644,-121.2689972,-1
R_AoILKvSPz0dceid,Default Response Set,Anonymous,,,24.4.156.88,0,3/21/2017 21:47,3/21/2017 21:52,1,,secret_cok,public_cok,public_noncok,flying_fish,warm_ice,glowing_rocks,reflective_smoke,liquid_helium,self_forming_glass,,435183,1,1,,4,,,,,,,,,,,,,,,,,,,5,,,,,,,,,,,,,,,,,,,,,,5,,,,,,,,,,,,,,,,,,,,,,,6,,,,,,,,,,,,,,,,,,,,,,3,,,,,,,,,,,,,,,,,,,3,,3,no,1,1,,1,1,1,1,,,26,1,4,1,FL_27,FL_31,,,7|5|1|8|2|4|3|9|6,37.35020447,-121.8509979,-1
R_scZQSdzLpIZbDFf,Default Response Set,Anonymous,,,69.145.11.9,0,3/21/2017 21:47,3/21/2017 21:52,1,,secret_cok,public_noncok,public_cok,warm_ice,liquid_helium,reflective_smoke,self_forming_glass,flying_fish,glowing_rocks,,644172,1,1,,,1,,,,,,,,,,,,,,,,,,,1,,,,,,,,,,,,,,,,,,,,,,,,,,,,,,,,1,,,,,,,,,,,,,,,,,2,,,,,,,,,1,,,,,,,,,,,,,,,,,1,,,,,,,,,,,,16,no other websites or applications,1,1,1,1,1,1,,,,55,1,6,1,FL_27,FL_33,,,6|5|3|8|9|7|1|2|4,41.10339355,-104.905899,-1
R_2Ua9NkSZiC6otaM,Default Response Set,Anonymous,,,173.90.193.186,0,3/21/2017 21:47,3/21/2017 21:52,1,,public_cok,secret_cok,public_noncok,liquid_helium,reflective_smoke,warm_ice,flying_fish,self_forming_glass,glowing_rocks,,485572,1,1,,,,,,,,,,1,,,,,,,,,,,,,,,,,,,,1,,,,,,,,,1,,,,,,,,,,,,,,,,,2,,,,,,,,,,,,,,,,,,,,,,,,,,,,,,,,,1,,,,,,,,,,,,,,1,,,,,,16,no,1,1,1,,1,1,,,,57,1,6,1,FL_28,,FL_36,,7|9|6|2|8|3|4|5|1,41.06210327,-81.74510193,-1
R_2WZsuPwijezw7Md,Default Response Set,Anonymous,,,98.197.200.207,0,3/21/2017 21:49,3/21/2017 21:52,1,,public_noncok,public_cok,secret_cok,glowing_rocks,self_forming_glass,liquid_helium,flying_fish,warm_ice,reflective_smoke,,984908,1,1,,,,,,,,,,,,,7,,,,,,,,,,,,,,,,,,,,,,7,,,,,,,,,,,7,,,,,,,,,,,,,,,,7,,,,,,,,,,,,,7,,,,,,,,,,,,,,,,,,,,,7,,,,,,,,,,,,,16,None,,1,1,,,,1,,1,34,2,3,1,FL_29,,,FL_42,9|8|2|6|7|4|1|3|5,29.52879333,-95.52519989,-1
R_3lssXn2RDxmX8X8,Default Response Set,Anonymous,,,104.185.102.34,0,3/21/2017 21:49,3/21/2017 21:52,1,,secret_cok,public_cok,public_noncok,glowing_rocks,warm_ice,liquid_helium,self_forming_glass,reflective_smoke,flying_fish,,500595,1,1,1,,,,,,,,,,,,,,,,,,,,1,,,,,,,,,,,,,,,,,,,,,,,,,1,,,,,,,,,,,,,,,,,,,3,,,,,,,,,,,,,,,,,,,,,,,,,1,,,,,,,,,,,,,,1,,,,,16,No,1,1,,1,1,1,,,,35,2,4,1,FL_27,FL_31,,,4|3|2|8|7|5|6|9|1,30.53819275,-87.21230316,-1
R_2Bfk905KQ0wQWdD,Default Response Set,Anonymous,,,107.216.252.33,0,3/21/2017 21:48,3/21/2017 21:52,1,,public_cok,public_noncok,secret_cok,reflective_smoke,glowing_rocks,liquid_helium,self_forming_glass,flying_fish,warm_ice,,894678,1,1,,,,,,,,,,,,1,,,,,,,,,,,,,1,,,,,,,,,,,,,,,,,,,,,,,,,,,1,,,,,,,,,,,,,,,,,,,1,,,1,,,,,,,,,,,,,,,,,,,1,,,,,,,,,,,,,,,,16,No,1,1,1,1,1,1,,,,38,2,6,1,FL_28,,FL_37,,6|2|8|7|1|3|4|5|9,37.18469238,-94.47380066,-1
R_2EfTXi6eII8moD8,Default Response Set,Anonymous,,,96.253.93.80,0,3/21/2017 21:46,3/21/2017 21:53,1,,public_cok,secret_cok,public_noncok,glowing_rocks,reflective_smoke,liquid_helium,flying_fish,warm_ice,self_forming_glass,,988801,1,1,,,,,,,4,,,,,,,,,,,,,,,,,,,,,,,4,,,,,,,,,,3,,,,,,,,,,,,,,,,3,,,,,,,,,,,,,,,,,,,,,,,,,,,,,,,2,,,,,,,,,,,,,,,,,,,,4,,16,None. ,1,1,1,1,1,1,1,,1,26,1,6,1,FL_28,,FL_36,,7|5|1|3|8|6|4|9|2,37.44490051,-77.2983017,-1
R_3fx98CxwQ5NIu9O,Default Response Set,Anonymous,,,74.219.102.1,0,3/21/2017 21:48,3/21/2017 21:53,1,,public_noncok,secret_cok,public_cok,flying_fish,liquid_helium,warm_ice,glowing_rocks,reflective_smoke,self_forming_glass,,587499,1,1,,,,,,,,,,,,,,1,,,,,,,,,,,,,,,,,,,,1,,,,,1,,,,,,,,,,,,,,,,1,,,,,,,,,,,,,,,,,,,,,,,,,,,,,1,,,,,,,,,,,,,,,,,2,,,,,,,,16,no,1,1,1,1,1,1,,,,25,1,6,1,FL_29,,,FL_41,5|6|3|4|2|8|9|7|1,41.22129822,-82.57460022,-1
R_3dGhfWfPFDRts0n,Default Response Set,Anonymous,,,72.223.110.59,0,3/21/2017 21:50,3/21/2017 21:53,1,,public_cok,public_noncok,secret_cok,warm_ice,reflective_smoke,glowing_rocks,liquid_helium,flying_fish,self_forming_glass,,341270,1,1,,,,,,,,,1,,,,,,,,,,,,,,,,,,,,,1,,,,,,,,,,,,,,,,,,,1,,,,,,,,,,,,,,,,,,,,,1,,,,1,,,,,,,,,,,,,,,,,,,,,1,,,,,,,,,,,,,,16,No.,1,1,1,,1,1,1,,,23,1,6,1,FL_28,,FL_37,,2|1|3|6|5|9|4|8|7,33.44030762,-111.8536987,-1
R_2E4u9nahceWq4k5,Default Response Set,Anonymous,,,97.82.251.58,0,3/21/2017 21:48,3/21/2017 21:53,1,,public_noncok,public_cok,secret_cok,self_forming_glass,glowing_rocks,warm_ice,liquid_helium,reflective_smoke,flying_fish,,474625,1,1,,,,,,,,,,,,,,,,,2,,,,,,,,,,,,,,1,,,,,,,,,,,,,,6,,,,,,,,,,,,,,,,,,,3,,,,,,,,,,,,,,1,,,,,,,,,,,,,,4,,,,,,,,,,,,,,,,,16,no,1,1,,1,1,1,,,,31,1,6,1,FL_29,,,FL_42,8|1|6|4|7|5|9|2|3,35.7427063,-81.20929718,-1
R_33EhmZqflm8oLkw,Default Response Set,Anonymous,,,66.243.249.106,0,3/21/2017 21:46,3/21/2017 21:53,1,,secret_cok,public_cok,public_noncok,warm_ice,self_forming_glass,liquid_helium,reflective_smoke,glowing_rocks,flying_fish,,934637,1,1,,,2,,,,,,,,,,,,,,,,,,,,1,,,,,,,,,,,,,,,,,,,,,,,1,,,,,,,,,,,,,,,,,,,,1,,,,,,,,,,,,,,,,,,,1,,,,,,,,,,,,,,,,,,,3,,,,,16,no I did not,1,1,1,1,1,1,,,,52,2,6,1,FL_27,FL_31,,,8|2|3|9|1|4|7|5|6,46.97900391,-120.4702988,-1
R_1InmQev2X7AT5K6,Default Response Set,Anonymous,,,50.27.200.236,0,3/21/2017 21:46,3/21/2017 21:53,1,,public_cok,secret_cok,public_noncok,self_forming_glass,liquid_helium,glowing_rocks,flying_fish,warm_ice,reflective_smoke,,698950,1,1,,,,,,,,,,,4,,,,,,,,,,,,,,,,,3,,,,,,,,,5,,,,,,,,,,,,,,,,,,,3,,,,,,,,,,,,,,,,,,,,,,,,,,,,,,,3,,,,,,,,,,,,,,,,,,,,,5,16,no,1,1,,1,1,,,,,29,2,6,1,FL_28,,FL_36,,1|2|5|9|6|4|3|7|8,39.79449463,-94.80419922,-1
R_1rdZH0rh7gVpOl2,Default Response Set,Anonymous,,,24.151.194.91,0,3/21/2017 21:48,3/21/2017 21:53,1,,secret_cok,public_noncok,public_cok,warm_ice,self_forming_glass,liquid_helium,reflective_smoke,flying_fish,glowing_rocks,,859832,1,1,,,4,,,,,,,,,,,,,,,,,,,,2,,,,,,,,,,,,,,,,,,,,,,,,,,,,,1,,,,,,,,,,,,,,,,,,,,2,,,,,,,,5,,,,,,,,,,,,,,,,,6,,,,,,,,,,,,16,no,1,1,,1,1,1,,,,32,1,6,1,FL_27,FL_33,,,6|2|9|1|4|5|8|7|3,34.79820251,-84.90820313,-1
R_2w06PJI232aMST5,Default Response Set,Anonymous,,,70.114.203.105,0,3/21/2017 21:49,3/21/2017 21:53,1,,secret_cok,public_cok,public_noncok,warm_ice,flying_fish,glowing_rocks,liquid_helium,reflective_smoke,self_forming_glass,,368000,1,1,,,2,,,,,,,,,,,,,,,,,2,,,,,,,,,,,,,,,,,,,,,,,2,,,,,,,,,,,,,,,,,,,,,1,,,,,,,,,,,,,,,,,,,,,,,,,,2,,,,,,,,,,,,,,,,,2,,3,no,1,,1,,1,1,,,,21,1,2,1,FL_27,FL_31,,,7|5|3|9|2|6|1|4|8,30.2960968,-97.73690033,-1
R_2xF2jqLUKP2U7fC,Default Response Set,Anonymous,,,74.199.29.234,0,3/21/2017 21:49,3/21/2017 21:53,1,,public_cok,secret_cok,public_noncok,reflective_smoke,liquid_helium,warm_ice,glowing_rocks,self_forming_glass,flying_fish,,743286,1,1,,,,,,,,,,,,4,,,,,,,,,,,,,,,,3,,,,,,,,,,,3,,,,,,,,,,,,,,,,3,,,,,,,,,,,,,,,,,,,,,,,,,,,,,,,,,,2,,,,,,,,,,,,,,,3,,,,,16,no,,1,1,,1,1,,,,34,1,6,1,FL_28,,FL_36,,3|5|8|7|6|9|1|4|2,39.94219971,-82.97429657,-1
R_pAEEqzk6d0fRQ41,Default Response Set,Anonymous,,,71.11.73.159,0,3/21/2017 21:47,3/21/2017 21:53,1,,public_cok,public_noncok,secret_cok,reflective_smoke,warm_ice,self_forming_glass,liquid_helium,flying_fish,glowing_rocks,,511510,1,1,,,,,,,,,,,,1,,,,,,,,,,,,,,,1,,,,,,,,,,,,,,,,,,,,,,,,,,1,,,,,,,,,,,,,,,,,1,,,,1,,,,,,,,,,,,,,,,,1,,,,,,,,,,,,,,,,,,16,none,1,1,1,1,1,,,,,47,2,6,1,FL_28,,FL_37,,7|3|8|4|9|6|5|2|1,43.37399292,-124.1477051,-1
R_6nzt4rj6YgV2cnf,Default Response Set,Anonymous,,,174.60.40.102,0,3/21/2017 21:50,3/21/2017 21:53,1,,public_noncok,secret_cok,public_cok,self_forming_glass,flying_fish,glowing_rocks,reflective_smoke,liquid_helium,warm_ice,,301188,1,1,,,,,,,,,,,,,,,,,1,,,,,,,,,,,,,,,1,,,,,1,,,,,,,,,,,,,,,,,,,,,,,1,,,,,,,,,,,,,,,,,,,,,,1,,,,,,,,,,,,,,,,,1,,,,,,,,,,16,NO,1,1,1,1,1,,,,,31,2,6,1,FL_29,,,FL_41,3|9|6|8|7|4|1|5|2,40.32530212,-75.91609955,-1
R_3Hv5ijz4Y6qlqrO,Default Response Set,Anonymous,,,23.241.31.10,0,3/21/2017 21:46,3/21/2017 21:54,1,,secret_cok,public_cok,public_noncok,self_forming_glass,flying_fish,reflective_smoke,glowing_rocks,liquid_helium,warm_ice,,573413,1,1,,,,,1,,,,,,,,,,,,,,,1,,,,,,,,,,,,,,,,,,,,,,,,,,,,1,,,,,,,,,,,,,1,,,,,,,,,,,,,,,,,,,,,,,,,,,1,,,,,,,,,,,,,,,,,1,,,,16,No,1,,1,,1,,1,,,24,2,2,1,FL_27,FL_31,,,5|4|9|2|3|1|8|6|7,33.83380127,-118.2924042,-1
R_vqN1pV8SOr26S5P,Default Response Set,Anonymous,,,96.240.139.169,0,3/21/2017 21:47,3/21/2017 21:54,1,,secret_cok,public_cok,public_noncok,reflective_smoke,self_forming_glass,glowing_rocks,liquid_helium,flying_fish,warm_ice,,786462,1,1,,,,,,1,,,,,,,,,,,,,,,,,1,,,,,,,,,,,,,,,,,,,,1,,,,,,,,,,,,,,,,,,,,,1,,,,,,,,,,,,,,,,,,,,,,2,,,,,,,,,,,,,,,,,,,1,,,,16,no,1,1,1,1,1,1,,,,45,1,6,1,FL_27,FL_31,,,4|9|5|2|8|6|7|1|3,38.77589417,-77.23439789,-1
R_1QmTDdAsuMNqxMJ,Default Response Set,Anonymous,,,216.163.6.7,0,3/21/2017 21:46,3/21/2017 21:54,1,,public_noncok,secret_cok,public_cok,liquid_helium,glowing_rocks,self_forming_glass,warm_ice,flying_fish,reflective_smoke,,725704,1,1,,,,,,,,,,,,,,,,,,,,,,,,,,,,,,,1,,,,,,,,,,1,,,,,,,,,,,,,,,,1,,,,,,,,,,,,,,,,,,,,,,,1,,,,,,,,,,,,,,,,,,,,,,1,,,,,,,16,na,1,1,1,1,1,1,,,,33,2,6,1,FL_29,,,FL_41,4|1|6|5|3|8|9|2|7,35.57409668,-90.74759674,-1
R_2qsb76OzOGLYgTr,Default Response Set,Anonymous,,,68.107.14.45,0,3/21/2017 21:49,3/21/2017 21:54,1,,public_cok,secret_cok,public_noncok,liquid_helium,flying_fish,glowing_rocks,reflective_smoke,warm_ice,self_forming_glass,,756586,1,1,,,,,,,,,,2,,,,,,,,,,,,,,,,1,,,,,,,,,,,1,,,,,,,,,,,,,,,,,,,,,,,1,,,,,,,,,,,,,,,,,,,,,,,,,,,1,,,,,,,,,,,,,,,,,,,,1,,16,No,1,1,,,1,1,,,,26,2,6,1,FL_28,,FL_36,,5|8|6|2|9|3|7|4|1,33.20039368,-117.2906952,-1
R_3O0M038eTwUpexx,Default Response Set,Anonymous,,,108.219.9.131,0,3/21/2017 21:48,3/21/2017 21:54,1,,public_cok,public_noncok,secret_cok,liquid_helium,reflective_smoke,warm_ice,self_forming_glass,glowing_rocks,flying_fish,,995750,1,1,,,,,,,,,,1,,,,,,,,,,,,,,,,,,,,1,,,,,,,,,,,,,,,,,,,,,1,,,,,,,,,,,,,,,,,,,,1,,1,,,,,,,,,,,,,,,,,,,1,,,,,,,,,,,,,,,,,16,no,1,,1,1,1,1,,,,22,2,6,1,FL_28,,FL_37,,1|9|6|4|8|5|7|3|2,35.16650391,-120.4375992,-1
R_3EYlIXbHlHfpmlA,Default Response Set,Anonymous,,,47.20.252.214,0,3/21/2017 21:52,3/21/2017 21:54,1,,public_cok,public_noncok,secret_cok,liquid_helium,flying_fish,glowing_rocks,self_forming_glass,warm_ice,reflective_smoke,,127429,1,1,,,,,,,,,,1,,,,,,,,,,,,,,,,1,,,,,,,,,,,,,,,,,,,,,,,3,,,,,,,,,,,,,,,,,,,,,,2,,,,4,,,,,,,,,,,,,,,,,,,,,3,,,,,,,,,,,,,16,None,1,1,1,1,1,,,,,27,2,6,1,FL_28,,FL_37,,8|6|5|9|2|1|7|3|4,40.62010193,-73.98680115,-1
R_2PpnRrakdxK2VmY,Default Response Set,Anonymous,,,173.91.222.80,0,3/21/2017 21:48,3/21/2017 21:54,1,,public_noncok,secret_cok,public_cok,flying_fish,self_forming_glass,reflective_smoke,warm_ice,glowing_rocks,liquid_helium,,602254,1,1,,,,,,,,,,,,,,4,,,,,,,,,,,,,,,,,,,,,4,,,,,,,4,,,,,,,,,,,,,,,4,,,,,,,,,,,,,,,,,,,,,,5,,,,,,,,,,,,,,,,,,,,,5,,,,,,,,,16,n/a,,,,,,,,,,28,2,6,1,FL_29,,,FL_41,7|6|4|8|9|5|1|3|2,41.13340759,-80.61190033,-1
R_1EcjqbNDKOHsRXx,Default Response Set,Anonymous,,,184.166.172.232,0,3/21/2017 21:49,3/21/2017 21:54,1,,secret_cok,public_noncok,public_cok,warm_ice,reflective_smoke,flying_fish,self_forming_glass,glowing_rocks,liquid_helium,,774864,1,1,,,1,,,,,,,,,,,,,,,,,,,,,1,,,,,,,,,,,,,,,,,,,,,,,,,,1,,,,,,,,,,,,,,,,,,,,,1,,,,,,,,1,,,,,,,,,,,,,,,,,,,,,1,,,,,,,,,16,no,1,1,1,1,1,1,,,,45,2,6,1,FL_27,FL_33,,,9|4|8|2|5|7|6|1|3,46.51719666,-112.1211014,-1
R_3ML5Hq6fEHwpqUk,Default Response Set,Anonymous,,,73.116.15.95,0,3/21/2017 21:50,3/21/2017 21:55,1,,public_cok,public_noncok,secret_cok,flying_fish,self_forming_glass,glowing_rocks,warm_ice,liquid_helium,reflective_smoke,,149979,1,1,,,,,,,,2,,,,,,,,,,,,,,,,,,,,,1,,,,,,,,,,,,,,,,,,,,2,,,,,,,,,,,,,,,,,,,,1,,,,,,,1,,,,,,,,,,,,,,,,,,,,1,,,,,,,,,,,,,16,no,1,1,1,,1,1,,,,65,1,6,1,FL_28,,FL_37,,7|4|9|3|6|2|8|1|5,38.69320679,-121.3115997,-1
R_11dwDTGdiaWY9J3,Default Response Set,Anonymous,,,67.235.192.83,0,3/21/2017 21:51,3/21/2017 21:55,1,,public_noncok,secret_cok,public_cok,glowing_rocks,flying_fish,reflective_smoke,self_forming_glass,warm_ice,liquid_helium,,228959,1,1,,,,,,,,,,,,,1,,,,,,,,,,,,,,,,,,,1,,,,,,,,,,1,,,,,,,,,,,,,,,,,1,,,,,,,,,,,,,,,,,,,,,,1,,,,,,,,,,,,,,,,,,,1,,,,,,,,,16,No,1,1,1,1,1,,,,,39,1,6,1,FL_29,,,FL_41,1|6|4|8|7|2|5|3|9,30.57949829,-84.20549774,-1
R_27oZZkhF0p6Gr0J,Default Response Set,Anonymous,,,70.179.33.190,0,3/21/2017 21:52,3/21/2017 21:55,1,,public_noncok,public_cok,secret_cok,flying_fish,self_forming_glass,reflective_smoke,glowing_rocks,warm_ice,liquid_helium,,100467,1,1,,,,,,,,,,,,,,2,,,,,,,,,,,,,,,,,,,,,3,,,,,,,,,,,,,2,,,,,,,,,,,,,3,,,,,,,,,,,,,,5,,,,,,,,,,,,,,,,,,,4,,,,,,,,,,,,,,,16,none,1,1,1,,,1,,,,29,1,6,1,FL_29,,,FL_42,1|2|7|9|5|4|8|6|3,32.77940369,-116.8600006,-1
R_31LTcnlBAGjamFv,Default Response Set,Anonymous,,,73.45.177.119,0,3/21/2017 21:50,3/21/2017 21:55,1,,public_cok,public_noncok,secret_cok,glowing_rocks,liquid_helium,warm_ice,self_forming_glass,reflective_smoke,flying_fish,,684814,1,1,,,,,,,1,,,,,,,,,,,,,,,,,,,,,1,,,,,,,,,,,,,,,,,,,,,,,1,,,,,,,,,,,,,,,,,,,,1,,,,,,,1,,,,,,,,,,,,,,3,,,,,,,,,,,,,,,,,16,I didn't use any other websites or applications during the survey.,1,1,1,1,1,1,,,,29,1,6,1,FL_28,,FL_37,,3|6|4|9|7|1|5|8|2,40.41200256,-90.62380219,-1
R_2e2tMccMlRGQgPO,Default Response Set,Anonymous,,,208.38.64.227,0,3/21/2017 21:52,3/21/2017 21:55,1,,public_noncok,secret_cok,public_cok,liquid_helium,glowing_rocks,flying_fish,self_forming_glass,warm_ice,reflective_smoke,,415861,1,1,,,,,,,,,,,,,,,,,,,,,,,,,,,,,,,3,,,,,,,5,,,,,,,,,,,,,,,,,,,,,4,,,,,,,,,,,,,,,,,,,,,,5,,,,,,,,,,,,,,,,,,,,,3,,,,,,,16,None,1,1,1,1,1,1,,,,19,1,6,1,FL_29,,,FL_41,3|9|2|7|5|4|1|8|6,45.395401,-93.75930023,-1
R_1FzEBgldf2AmPAm,Default Response Set,Anonymous,,,71.3.96.90,0,3/21/2017 21:50,3/21/2017 21:55,1,,secret_cok,public_cok,public_noncok,reflective_smoke,warm_ice,glowing_rocks,liquid_helium,flying_fish,self_forming_glass,,477669,1,1,,,,,,1,,,,,,,,,,,,,,,1,,,,,,,,,,,,,,,,,,,,,,1,,,,,,,,,,,,,,,,,,,,,1,,,,,,,,,,,,,,,,,,,,,,2,,,,,,,,,,,,,,,,,,,,,1,,16,no,1,1,1,1,1,1,,,,33,2,6,1,FL_27,FL_31,,,6|8|5|4|2|1|7|3|9,26.69630432,-81.94290161,-1
R_2l3TkGrYVQqp6M1,Default Response Set,Anonymous,,,174.29.225.192,0,3/21/2017 21:48,3/21/2017 21:55,1,,public_noncok,secret_cok,public_cok,self_forming_glass,reflective_smoke,liquid_helium,warm_ice,flying_fish,glowing_rocks,,561041,1,1,,,,,,,,,,,,,,,,,1,,,,,,,,,,,,,,,,,,,1,,,,1,,,,,,,,,,,,,,,,,1,,,,,,,,,,,,,,,,,,,,,,,2,,,,,,,,,,,,,,,,,3,,,,,,,,,,,,16,no,1,1,1,1,1,1,,,1,56,1,6,1,FL_29,,,FL_41,4|6|2|5|8|7|1|3|9,39.8710022,-104.7843018,-1
R_2BmwyEF9BRg7tcw,Default Response Set,Anonymous,,,173.73.88.53,0,3/21/2017 21:50,3/21/2017 21:56,1,,secret_cok,public_noncok,public_cok,warm_ice,self_forming_glass,glowing_rocks,reflective_smoke,liquid_helium,flying_fish,,845237,1,1,,,1,,,,,,,,,,,,,,,,,,,,1,,,,,,,,,,,,,,,,,,,,,,,,,,2,,,,,,,,,,,,,,,,,,,,,,,1,,,,,,,,,,1,,,,,,,,,,,,,,,,2,,,,,,,,,,,16,no,1,1,1,1,1,1,,,,54,2,6,1,FL_27,FL_33,,,7|4|6|8|3|9|5|1|2,39.05039978,-76.90550232,-1
R_1ePlhqAb6s2JFsa,Default Response Set,Anonymous,,,68.38.254.77,0,3/21/2017 21:46,3/21/2017 21:56,1,,public_noncok,public_cok,secret_cok,warm_ice,glowing_rocks,reflective_smoke,flying_fish,self_forming_glass,liquid_helium,,186583,1,1,,,,,,,,,,,,,,,2,,,,,,,,,,,,,,,,2,,,,,,,,,,,,,,,,,4,,,,,,,,,,,,,,4,,,,,,,,,,,,,,,3,,,,,,,,,,,,,,,,,2,,,,,,,,,,,,,,,16,No,1,1,1,1,1,1,,,,61,1,6,1,FL_29,,,FL_42,5|6|1|8|9|2|7|3|4,40.2368927,-85.46790314,-1
R_sA6dxNF1gHpULM5,Default Response Set,Anonymous,,,73.252.123.149,0,3/21/2017 21:52,3/21/2017 21:56,1,,public_noncok,public_cok,secret_cok,warm_ice,glowing_rocks,self_forming_glass,flying_fish,liquid_helium,reflective_smoke,,497671,1,1,,,,,,,,,,,,,,,1,,,,,,,,,,,,,,,,1,,,,,,,,,,,,,,,,1,,,,,,,,,,,,,,,1,,,,,,,,,,,,,,1,,,,,,,,,,,,,,,,,,,,1,,,,,,,,,,,,,16,none,1,1,1,1,1,1,,,,62,1,6,1,FL_29,,,FL_42,1|6|2|3|7|4|8|5|9,32.23980713,-90.26609802,-1
R_1eIC4vSTbq6iYF0,Default Response Set,Anonymous,,,72.227.166.28,0,3/21/2017 21:49,3/21/2017 21:56,1,,secret_cok,public_noncok,public_cok,flying_fish,glowing_rocks,warm_ice,liquid_helium,reflective_smoke,self_forming_glass,,876797,1,1,,2,,,,,,,,,,,,,,,,,3,,,,,,,,,,,,,,,,,,,,,,,,,,,,,,,,1,,,,,,,,,,,,,,,,,,,1,,,,,,,,,,,,,,4,,,,,,,,,,,,,,,,,4,,,,,,,,16,no,1,1,1,1,1,,,,,48,1,3,1,FL_27,FL_33,,,7|9|2|6|8|1|3|4|5,40.72140503,-73.74310303,-1
R_BwQR61fe1seQgNP,Default Response Set,Anonymous,,,63.151.141.158,0,3/21/2017 21:50,3/21/2017 21:56,1,,secret_cok,public_noncok,public_cok,flying_fish,self_forming_glass,glowing_rocks,liquid_helium,warm_ice,reflective_smoke,,985456,1,1,,1,,,,,,,,,,,,,,,,,,,,,1,,,,,,,,,,,,,,,,,,,,,,,,,,1,,,,,,,,,,,,,,,,,,,,,2,,,,,,,,,,,3,,,,,,,,,,,,,,,,,,,,,3,,,,,,,16,No.,1,1,1,1,1,1,,,,35,1,6,1,FL_27,FL_33,,,4|9|1|5|2|3|7|8|6,36.63549805,-88.28299713,-1
R_1NENXLcw8JonzBS,Default Response Set,Anonymous,,,71.115.145.137,0,3/21/2017 21:52,3/21/2017 21:56,1,,secret_cok,public_noncok,public_cok,glowing_rocks,reflective_smoke,warm_ice,self_forming_glass,flying_fish,liquid_helium,,692563,1,1,3,,,,,,,,,,,,,,,,,,,,,,,5,,,,,,,,,,,,,,,,,,,,,,,,,,,3,,,,,,,,,,,,,,,,,,,,4,,,,,,,,,6,,,,,,,,,,,,,,,,,,,,6,,,,,,,,,16,no,1,,1,1,1,1,1,,,26,1,6,1,FL_27,FL_33,,,8|1|2|9|5|7|3|6|4,43.15870667,-76.33270264,-1
R_vDC4wnFTpbiEHPb,Default Response Set,Anonymous,,,68.196.19.98,0,3/21/2017 21:52,3/21/2017 21:56,1,,public_cok,public_noncok,secret_cok,liquid_helium,reflective_smoke,self_forming_glass,glowing_rocks,flying_fish,warm_ice,,916206,1,1,,,,,,,,,,1,,,,,,,,,,,,,,,,,,,,1,,,,,,,,,,,,,,,,,,,,,,,1,,,,,,,,,,,,,,1,,,,,,,1,,,,,,,,,,,,,,,,,,,1,,,,,,,,,,,,,,,,16,no,1,1,1,1,1,,1,,,38,2,6,1,FL_28,,FL_37,,5|8|9|7|6|1|2|4|3,41.00990295,-74.00730133,-1
R_2Yzznf6Z5kLFalB,Default Response Set,Anonymous,,,98.207.202.50,0,3/21/2017 21:54,3/21/2017 21:56,1,,secret_cok,public_noncok,public_cok,self_forming_glass,reflective_smoke,liquid_helium,warm_ice,flying_fish,glowing_rocks,,980703,1,1,,,,,4,,,,,,,,,,,,,,,,,,,4,,,,,,,,,,,,,,,,,,,,,,,,,,,,4,,,,,,,,,,,,,,,,,4,,,,,,,,,,,4,,,,,,,,,,,,,,,,,4,,,,,,,,,,,,16,no,1,,1,,1,1,,,,25,1,6,1,FL_27,FL_33,,,7|1|5|4|8|6|2|9|3,37.49139404,-122.2109985,-1
R_1GPeZqT7jirEKBP,Default Response Set,Anonymous,,,73.134.129.206,0,3/21/2017 21:53,3/21/2017 21:56,1,,public_noncok,public_cok,secret_cok,reflective_smoke,self_forming_glass,flying_fish,warm_ice,liquid_helium,glowing_rocks,,915114,1,1,,,,,,,,,,,,,,,,,,1,,,,,,,,,,,,,,,,,2,,,,,,,,,3,,,,,,,,,,,,,,,,,,,4,,,,,,,,,,,,,1,,,,,,,,,,,,,,,2,,,,,,,,,,,,,,,,,,15,No,1,1,1,1,1,1,,,,25,1,6,1,FL_29,,,FL_42,4|7|8|9|2|1|3|5|6,38.35099792,-75.54460144,-1
R_2zYK5StEb3FADML,Default Response Set,Anonymous,,,47.186.142.146,0,3/21/2017 21:51,3/21/2017 21:56,1,,public_cok,secret_cok,public_noncok,reflective_smoke,glowing_rocks,warm_ice,flying_fish,liquid_helium,self_forming_glass,,768724,1,1,,,,,,,,,,,,1,,,,,,,,,,,,,2,,,,,,,,,,,,,,1,,,,,,,,,,,,,,,,,4,,,,,,,,,,,,,,,,,,,,,,,,,,,,,,,,1,,,,,,,,,,,,,,,,,,,1,,16,No.,1,1,1,1,1,,,,,27,4,8,1,FL_28,,FL_36,,3|9|1|6|2|4|8|5|7,32.94779968,-96.89150238,-1
R_SIepzRewOczJelX,Default Response Set,Anonymous,,,216.184.84.69,0,3/21/2017 21:46,3/21/2017 21:57,1,,public_noncok,public_cok,secret_cok,glowing_rocks,reflective_smoke,liquid_helium,self_forming_glass,flying_fish,warm_ice,,123735,1,1,,,,,,,,,,,,,1,,,,,,,,,,,,,,,,,,,,,,,1,,,,,,,,,,1,,,,,,,,,,,,,,,,,,,2,,,,,,,,,2,,,,,,,,,,,,,,,,,,,1,,,,,,,,,,,,,,,,16,no,1,1,1,1,1,1,,,,25,1,6,1,FL_29,,,FL_42,1|8|7|2|9|6|5|3|4,36.76199341,-82.0388031,-1
R_1jQgvKqXjhBkPjd,Default Response Set,Anonymous,,,73.81.148.199,0,3/21/2017 21:51,3/21/2017 21:57,1,,public_noncok,public_cok,secret_cok,flying_fish,reflective_smoke,liquid_helium,self_forming_glass,warm_ice,glowing_rocks,,983863,1,1,,,,,,,,,,,,,,2,,,,,,,,,,,,,,,,,,,,,,3,,,,,,,,,,5,,,,,,,,,,,,,,,,,,,2,,,,,,,,,,6,,,,,,,,,,,,,,,,3,,,,,,,,,,,,,,,,,,16,no,1,1,1,1,1,,,,,29,2,6,1,FL_29,,,FL_42,6|9|7|8|4|2|3|1|5,40.0124054,-75.14710236,-1
R_1Q0JvKbcMchadlk,Default Response Set,Anonymous,,,172.58.120.198,0,3/21/2017 21:52,3/21/2017 21:57,1,,secret_cok,public_noncok,public_cok,self_forming_glass,glowing_rocks,flying_fish,liquid_helium,warm_ice,reflective_smoke,,567675,1,1,,,,,1,,,,,,,,,,,,,,1,,,,,,,,,,,,,,,,,,,,,,,,,,,,,,,1,,,,,,,,,,,,,,,,,,,,1,,,,,,,,,,,1,,,,,,,,,,,,,,,,,,,,,1,,,,,,,16,None,1,1,1,1,1,,1,,,37,2,6,1,FL_27,FL_33,,,3|9|6|5|2|7|4|1|8,42.35389709,-83.21199799,-1
R_2wgadkOdu8exHug,Default Response Set,Anonymous,,,98.197.200.207,0,3/21/2017 21:53,3/21/2017 21:57,1,,public_noncok,secret_cok,public_cok,flying_fish,reflective_smoke,glowing_rocks,liquid_helium,self_forming_glass,warm_ice,,535085,1,1,,,,,,,,,,,,,,7,,,,,,,,,,,,,,,,,,,,,,7,7,,,,,,,,,,,,,,,,,,,,,7,,,,,,,,,,,,,,,,,,,,,,,,,4,,,,,,,,,,,,,,,,7,,,,,,,,,,16,None,1,1,1,1,,,1,,,34,2,3,1,FL_29,,,FL_41,4|1|3|6|5|7|9|8|2,29.52879333,-95.52519989,-1
R_1GCi9KwiW7HHPoa,Default Response Set,Anonymous,,,72.131.98.128,0,3/21/2017 21:51,3/21/2017 21:57,1,,secret_cok,public_cok,public_noncok,liquid_helium,flying_fish,self_forming_glass,reflective_smoke,warm_ice,glowing_rocks,,335850,1,1,,,,1,,,,,,,,,,,,,,,,1,,,,,,,,,,,,,,,,,,,,,,,,,,,1,,,,,,,,,,,,,,,,,,,1,,,,,,,,,,,,,,,,,,,,,1,,,,,,,,,,,,,,,,1,,,,,,16,none,1,1,1,1,1,,,,,62,1,2,1,FL_27,FL_31,,,6|5|2|4|3|8|1|7|9,44.39059448,-88.03099823,-1
R_2ttVceEo9W0otmX,Default Response Set,Anonymous,,,99.137.255.28,0,3/21/2017 21:51,3/21/2017 21:57,1,,public_cok,secret_cok,public_noncok,self_forming_glass,flying_fish,liquid_helium,reflective_smoke,glowing_rocks,warm_ice,,576234,1,1,,,,,,,,,,,1,,,,,,,,,,,,,,,1,,,,,,,,,,,,,,1,,,,,,,,,,,,,,,,,,,,1,,,,,,,,,,,,,,,,,,,,,,,,,1,,,,,,,,,,,,,,,,,,,,1,,,,16,No,1,1,1,1,1,1,,,,26,1,6,1,FL_28,,FL_36,,1|9|4|8|3|2|6|7|5,29.55589294,-98.36519623,-1
R_vGdWHIXrGiOBa5X,Default Response Set,Anonymous,,,75.174.161.84,0,3/21/2017 21:53,3/21/2017 21:57,1,,public_cok,public_noncok,secret_cok,glowing_rocks,self_forming_glass,liquid_helium,flying_fish,reflective_smoke,warm_ice,,263408,1,1,,,,,,,1,,,,,,,,,,,,,,,,,,,,,,1,,,,,,,,,,,,,,,,,,,,,,,1,,,,,,,,,,,,,,,,1,,,,,,,,,,1,,,,,,,,,,,,,,,1,,,,,,,,,,,,,,,,16,no,1,1,1,1,1,1,,,,39,1,6,1,FL_28,,FL_37,,1|6|4|9|5|8|3|2|7,43.59919739,-116.4234009,-1
R_2eOtsl49vy2RTlH,Default Response Set,Anonymous,,,104.33.105.103,0,3/21/2017 21:52,3/21/2017 21:57,1,,secret_cok,public_cok,public_noncok,reflective_smoke,warm_ice,liquid_helium,flying_fish,glowing_rocks,self_forming_glass,,819109,1,1,,,,,,5,,,,,,,,,,,,,,,4,,,,,,,,,,,,,,,,,,,,,,,,,5,,,,,,,,,,,,,,,,6,,,,,,,,,,,,,,,,,,,,,,,6,,,,,,,,,,,,,,,,,,,,,,6,,16,no.,1,1,1,1,1,,,,,28,1,7,1,FL_27,FL_31,,,1|3|7|4|2|6|5|9|8,34.22869873,-118.4440994,-1
R_1CxN6loqySUdRi9,Default Response Set,Anonymous,,,98.157.239.248,0,3/21/2017 21:53,3/21/2017 21:57,1,,public_cok,public_noncok,secret_cok,liquid_helium,reflective_smoke,warm_ice,flying_fish,self_forming_glass,glowing_rocks,,597022,1,1,,,,,,,,,,1,,,,,,,,,,,,,,,,,,,,1,,,,,,,,,,,,,,,,,,,,,1,,,,,,,,,,,,,,,,,1,,,,,,,,,1,,,,,,,,,,,,,,1,,,,,,,,,,,,,,,,,,16,None,1,1,1,1,1,,,,,48,1,6,1,FL_28,,FL_37,,6|4|7|3|1|5|9|8|2,39.3578949,-87.42449951,-1
R_29sksFoQsKYDUxO,Default Response Set,Anonymous,,,24.130.232.222,0,3/21/2017 21:54,3/21/2017 21:57,1,,secret_cok,public_cok,public_noncok,self_forming_glass,glowing_rocks,liquid_helium,warm_ice,reflective_smoke,flying_fish,,111823,1,1,,,,,1,,,,,,,,,,,,,,1,,,,,,,,,,,,,,,,,,,,,,,,,,,1,,,,,,,,,,,,,,,,,1,,,,,,,,,,,,,,,,,,,,,,,,,,,1,,,,,,,,,,,,,,1,,,,,16,none,1,1,1,1,1,,,,,33,1,5,1,FL_27,FL_31,,,9|8|1|5|3|7|6|4|2,37.28520203,-121.9887009,-1
R_3EcY8RiSzaAK05E,Default Response Set,Anonymous,,,174.134.218.130,0,3/21/2017 21:45,3/21/2017 21:57,1,,public_cok,secret_cok,public_noncok,liquid_helium,glowing_rocks,warm_ice,self_forming_glass,flying_fish,reflective_smoke,,346177,1,1,,,,,,,,,,1,,,,,,,,,,,,,,,1,,,,,,,,,,,,,,1,,,,,,,,,,,,,,,,,,,,1,,,,,,,,,,,,,,,,,,,,,,,,,,,1,,,,,,,,,,,,,,,,,,,,,,1,16,NA,1,1,1,,1,1,,,,26,1,6,1,FL_28,,FL_36,,2|7|4|5|1|6|9|3|8,35.54980469,-118.917099,-1
R_1Dp94wluUPE8vlb,Default Response Set,Anonymous,,,108.67.107.116,0,3/21/2017 21:52,3/21/2017 21:57,1,,public_cok,public_noncok,secret_cok,glowing_rocks,warm_ice,liquid_helium,flying_fish,self_forming_glass,reflective_smoke,,232921,1,1,,,,,,,1,,,,,,,,,,,,,,,,,,,,1,,,,,,,,,,,,,,,,,,,,,,,,,1,,,,,,,,,,,,,,,,1,,,,,,,,,1,,,,,,,,,,,,,,,,,,,1,,,,,,,,,,,,,16,no,1,1,1,1,1,1,,,,35,2,6,1,FL_28,,FL_37,,2|7|5|1|6|3|8|4|9,39.83399963,-89.65390015,-1
R_25zMhUUgG8TBl5P,Default Response Set,Anonymous,,,73.240.100.95,0,3/21/2017 21:55,3/21/2017 21:58,1,,public_cok,secret_cok,public_noncok,self_forming_glass,liquid_helium,flying_fish,reflective_smoke,glowing_rocks,warm_ice,,419449,1,1,,,,,,,,,,,4,,,,,,,,,,,,,,,,,1,,,,,,,,,,2,,,,,,,,,,,,,,,,,,,,,,3,,,,,,,,,,,,,,,,,,,,,,,,,1,,,,,,,,,,,,,,,,,,,,1,,,,16,nope!,1,1,1,1,1,1,,,,22,1,6,1,FL_28,,FL_36,,5|7|4|3|9|6|2|8|1,44.90159607,-122.9223022,-1
R_2xKJEgWrt6TKKMZ,Default Response Set,Anonymous,,,142.129.214.116,0,3/21/2017 21:53,3/21/2017 21:59,1,,secret_cok,public_noncok,public_cok,flying_fish,self_forming_glass,glowing_rocks,liquid_helium,warm_ice,reflective_smoke,,857001,1,1,,1,,,,,,,,,,,,,,,,,,,,,1,,,,,,,,,,,,,,,,,,,,,,,,,,1,,,,,,,,,,,,,,,,,,,,,1,,,,,,,,,,,1,,,,,,,,,,,,,,,,,,,,,1,,,,,,,16,no,1,1,,1,1,1,,,,38,1,4,1,FL_27,FL_33,,,9|1|6|3|4|2|5|7|8,33.83859253,-117.2032013,-1
R_UN01YrTwHhobg9r,Default Response Set,Anonymous,,,69.136.185.62,0,3/21/2017 21:53,3/21/2017 21:59,1,,secret_cok,public_noncok,public_cok,reflective_smoke,glowing_rocks,warm_ice,liquid_helium,self_forming_glass,flying_fish,,917826,1,1,,,,,,1,,,,,,,,,,,,,2,,,,,,,,,,,,,,,,,,,,,,,,,,,,,,,,1,,,,,,,,,,,,,,,,,,,1,,,,,,,,,,,,,2,,,,,,,,,,,,,,,1,,,,,,,,,,,16,No.,1,1,1,1,1,1,,,,37,2,4,1,FL_27,FL_33,,,1|2|3|8|5|7|9|6|4,41.84060669,-87.75879669,-1
R_3KI6G9vk6OzHzl5,Default Response Set,Anonymous,,,68.107.14.45,0,3/21/2017 21:54,3/21/2017 21:59,1,,public_cok,secret_cok,public_noncok,liquid_helium,warm_ice,self_forming_glass,reflective_smoke,flying_fish,glowing_rocks,,860263,1,1,,,,,,,,,,1,,,,,,,,,,,,,,,,,1,,,,,,,,,,,,,,1,,,,,,,,,,,,,,,,,,,1,,,,,,,,,,,,,,,,,,,,,,,,,,1,,,,,,,,,,,,,,,,,1,,,,,,16,No,1,1,1,1,1,1,,,,26,2,6,1,FL_28,,FL_36,,2|1|5|4|8|7|6|9|3,33.20039368,-117.2906952,-1
R_qEmLwKzpzE5Mok9,Default Response Set,Anonymous,,,24.0.67.12,0,3/21/2017 21:50,3/21/2017 21:59,1,,secret_cok,public_noncok,public_cok,self_forming_glass,liquid_helium,glowing_rocks,flying_fish,reflective_smoke,warm_ice,,934683,1,1,,,,,1,,,,,,,,,,,,,,,,,2,,,,,,,,,,,,,,,,,,,,,,,,,,,1,,,,,,,,,,,,,,,,,,,3,,,,,,,,,,,,,,,,1,,,,,,,,,,,,,,,1,,,,,,,,,,16,no,1,1,1,1,1,,,,,31,1,6,1,FL_27,FL_33,,,1|2|7|5|9|4|3|8|6,40.78430176,-74.80599976,-1
R_uqdW00qz2DhFb9f,Default Response Set,Anonymous,,,108.46.62.239,0,3/21/2017 21:49,3/21/2017 22:00,1,,public_cok,secret_cok,public_noncok,glowing_rocks,liquid_helium,flying_fish,warm_ice,self_forming_glass,reflective_smoke,,273808,1,1,,,,,,,1,,,,,,,,,,,,,,,,,,,,,2,,,,,,,,,,1,,,,,,,,,,,,,,,,,,,1,,,,,,,,,,,,,,,,,,,,,,,,,,,,,,,,3,,,,,,,,,,,,,,,,,,,3,16,N/A,1,1,1,1,1,,,,,35,1,2,1,FL_28,,FL_36,,4|1|3|6|5|7|2|9|8,40.74699402,-73.75669861,-1
R_1LtG3gM2E3fV19f,Default Response Set,Anonymous,,,65.0.95.54,0,3/21/2017 21:53,3/21/2017 22:00,1,,public_cok,secret_cok,public_noncok,flying_fish,warm_ice,liquid_helium,reflective_smoke,glowing_rocks,self_forming_glass,,172423,1,1,,,,,,,,1,,,,,,,,,,,,,,,,,,,1,,,,,,,,,,,,,1,,,,,,,,,,,,,,,,,,,,1,,,,,,,,,,,,,,,,,,,,,,,,,1,,,,,,,,,,,,,,,,,,,,,,1,,16,no,1,1,1,1,1,1,,,,64,2,6,1,FL_28,,FL_36,,9|6|4|2|3|1|8|7|5,33.42590332,-88.83029938,-1
R_28D4bNdD7bNXtOe,Default Response Set,Anonymous,,,173.77.131.10,0,3/21/2017 21:53,3/21/2017 22:00,1,,public_cok,secret_cok,public_noncok,flying_fish,liquid_helium,warm_ice,glowing_rocks,reflective_smoke,self_forming_glass,,325742,1,1,,,,,,,,3,,,,,,,,,,,,,,,,,,,,4,,,,,,,,,,,2,,,,,,,,,,,,,,,,2,,,,,,,,,,,,,,,,,,,,,,,,,,,,,,,,,,,3,,,,,,,,,,,,,,,,,1,,16,none,1,1,1,1,1,,,,,43,1,6,1,FL_28,,FL_36,,7|9|8|1|5|6|2|3|4,40.8309021,-73.90699768,-1
R_1jVwJhUknuOweRl,Default Response Set,Anonymous,,,73.190.127.235,0,3/21/2017 21:55,3/21/2017 22:00,1,,public_cok,public_noncok,secret_cok,warm_ice,flying_fish,glowing_rocks,self_forming_glass,liquid_helium,reflective_smoke,,313897,1,1,,,,,,,,,2,,,,,,,,,,,,,,,,,1,,,,,,,,,,,,,,,,,,,,,,,3,,,,,,,,,,,,,,,,,,,,,,2,,,,,3,,,,,,,,,,,,,,,,,,,,1,,,,,,,,,,,,,16,No,1,,,1,1,1,1,,,30,1,2,1,FL_28,,FL_37,,5|4|6|9|8|1|7|3|2,45.60229492,-122.5167007,-1
R_1lfRhm56F6gOyss,Default Response Set,Anonymous,,,65.36.121.241,0,3/21/2017 21:51,3/21/2017 22:00,1,,secret_cok,public_cok,public_noncok,warm_ice,self_forming_glass,liquid_helium,reflective_smoke,glowing_rocks,flying_fish,,225123,1,1,,,1,,,,,,,,,,,,,,,,,,,,1,,,,,,,,,,,,,,,,,,,,,,,1,,,,,,,,,,,,,,,,,,,,1,,,,,,,,,,,,,,,,,,,2,,,,,,,,,,,,,,,,,,,3,,,,,16,No,1,1,1,1,1,,,,,53,1,6,1,FL_27,FL_31,,,2|7|1|8|9|3|5|6|4,30.3795929,-97.67569733,-1
R_afwAAXXvIKb1cvT,Default Response Set,Anonymous,,,50.103.113.206,0,3/21/2017 21:56,3/21/2017 22:00,1,,secret_cok,public_noncok,public_cok,warm_ice,flying_fish,reflective_smoke,self_forming_glass,liquid_helium,glowing_rocks,,480979,1,1,,,1,,,,,,,,,,,,,,,,,4,,,,,,,,,,,,,,,,,,,,,,,,,,,,,,,,,,1,,,,,,,,,,,,,,,,,1,,,,,,,,,,,1,,,,,,,,,,,,,,,1,,,,,,,,,,,,16,no,1,1,1,1,1,1,,,,29,2,6,1,FL_27,FL_33,,,4|3|1|7|5|2|8|6|9,40.46609497,-88.90339661,-1
R_3HFz52FwftnQzjJ,Default Response Set,Anonymous,,,75.167.168.207,0,3/21/2017 21:50,3/21/2017 22:01,1,,public_cok,public_noncok,secret_cok,warm_ice,liquid_helium,reflective_smoke,glowing_rocks,self_forming_glass,flying_fish,,299061,1,1,,,,,,,,,1,,,,,,,,,,,,,,,,,,,1,,,,,,,,,,,,,,,,,,,,,,,,,,1,,,,,,,,,,,,,1,,,,,,,,,,1,,,,,,,,,,,,,,,1,,,,,,,,,,,,,,,,,16,no,1,1,1,1,1,1,,,,57,1,6,1,FL_28,,FL_37,,9|1|7|2|8|4|5|6|3,43.63200378,-116.2837982,-1
R_sAve1vEItQCSmiJ,Default Response Set,Anonymous,,,73.52.84.130,0,3/21/2017 21:55,3/21/2017 22:02,1,,public_noncok,secret_cok,public_cok,glowing_rocks,reflective_smoke,flying_fish,self_forming_glass,liquid_helium,warm_ice,,216071,1,1,,,,,,,,,,,,,1,,,,,,,,,,,,,,,,,,,,,,,1,,1,,,,,,,,,,,,,,,,,,,,,3,,,,,,,,,,,,,,,,,,,,,,,2,,,,,,,,,,,,,,,,,2,,,,,,,,,,3,no,,1,,1,1,,1,,,33,1,6,1,FL_29,,,FL_41,2|9|7|5|8|6|4|3|1,41.38499451,-75.64610291,-1
R_O9eGmD2K2CSax45,Default Response Set,Anonymous,,,173.216.247.111,0,3/21/2017 21:58,3/21/2017 22:02,1,,secret_cok,public_noncok,public_cok,reflective_smoke,flying_fish,glowing_rocks,liquid_helium,warm_ice,self_forming_glass,,111665,1,1,,,,,,1,,,,,,,,,,,,,,2,,,,,,,,,,,,,,,,,,,,,,,,,,,,,1,,,,,,,,,,,,,,,,,,,,,1,,,,,,,,,,,1,,,,,,,,,,,,,,,,,,,,1,,,,,,,,16,no,1,1,1,1,1,1,,,,28,1,6,1,FL_27,FL_33,,,5|7|3|6|2|1|8|4|9,36.66960144,-93.2614975,-1
R_1FyS0lBronrKJT2,Default Response Set,Anonymous,,,159.118.73.116,0,3/21/2017 21:58,3/21/2017 22:04,1,,secret_cok,public_cok,public_noncok,liquid_helium,flying_fish,self_forming_glass,warm_ice,glowing_rocks,reflective_smoke,,219693,1,1,,,,1,,,,,,,,,,,,,,,,2,,,,,,,,,,,,,,,,,,,,,,,,,,,3,,,,,,,,,,,,,,,,2,,,,,,,,,,,,,,,,,,,,,,2,,,,,,,,,,,,,,,,,,,,,,,2,16,no,1,,1,1,1,1,,,,39,2,6,1,FL_27,FL_31,,,1|8|4|7|5|6|2|3|9,42.90609741,-112.3974991,-1
R_1QKJ9dATWJtqogv,Default Response Set,Anonymous,,,73.40.177.181,0,3/21/2017 21:52,3/21/2017 22:04,1,,public_noncok,secret_cok,public_cok,warm_ice,glowing_rocks,self_forming_glass,liquid_helium,reflective_smoke,flying_fish,,301696,1,1,,,,,,,,,,,,,,,2,,,,,,,,,,,,,,,,1,,,,,,,,,,1,,,,,,,,,,,,,,,,,1,,,,,,,,,,,,,,,,,,,,,,,,,,1,,,,,,,,,,,,,,3,,,,,,,,,,,16,"No, I did not.",1,1,1,1,1,,,,,30,1,6,1,FL_29,,,FL_41,8|4|6|2|7|9|1|3|5,40.37869263,-79.97100067,-1
R_1joX3Wr6XK9X9oI,Default Response Set,Anonymous,,,74.222.125.119,0,3/21/2017 21:48,3/21/2017 22:04,1,,secret_cok,public_cok,public_noncok,glowing_rocks,liquid_helium,self_forming_glass,flying_fish,warm_ice,reflective_smoke,,354790,1,1,6,,,,,,,,,,,,,,,,,,,,,6,,,,,,,,,,,,,,,,,,,,,,,,,7,,,,,,,,,,,,,,,4,,,,,,,,,,,,,,,,,,,,,,,,,1,,,,,,,,,,,,,,,,,,,,,1,16,no,1,1,1,1,1,1,1,,,54,1,3,1,FL_27,FL_31,,,3|5|1|7|4|8|6|9|2,33.8704071,-80.46040344,-1
R_2uPbKMmOgDojxex,Default Response Set,Anonymous,,,67.158.18.203,0,3/21/2017 22:00,3/21/2017 22:05,1,,public_cok,secret_cok,public_noncok,warm_ice,glowing_rocks,liquid_helium,flying_fish,reflective_smoke,self_forming_glass,,686897,1,1,,,,,,,,,1,,,,,,,,,,,,,,,,1,,,,,,,,,,,,,,,2,,,,,,,,,,,,,,,,1,,,,,,,,,,,,,,,,,,,,,,,,,,,,,,,,,,1,,,,,,,,,,,,,,,,,1,,16,no,1,1,1,1,1,1,,,,27,1,6,1,FL_28,,FL_36,,7|9|1|6|8|3|5|4|2,44.12089539,-103.1977997,-1
R_3rP0YgBJSf5r6P7,Default Response Set,Anonymous,,,99.58.178.79,0,3/21/2017 21:53,3/21/2017 22:05,1,,secret_cok,public_noncok,public_cok,reflective_smoke,warm_ice,flying_fish,liquid_helium,self_forming_glass,glowing_rocks,,611850,1,1,,,,,,1,,,,,,,,,,,,,,,1,,,,,,,,,,,,,,,,,,,,,,,,,,,,,1,,,,,,,,,,,,,,,,,,,,1,,,,,,,,,,,,,1,,,,,,,,,,,,,,1,,,,,,,,,,,,16,none,1,1,1,,1,1,,,,52,2,6,1,FL_27,FL_33,,,6|7|4|2|3|1|8|5|9,31.8993988,-102.3410034,-1
R_ZsmyekQvMvDhI0p,Default Response Set,Anonymous,,,24.20.124.0,0,3/21/2017 21:59,3/21/2017 22:05,1,,public_cok,public_noncok,secret_cok,warm_ice,reflective_smoke,liquid_helium,flying_fish,glowing_rocks,self_forming_glass,,420510,1,1,,,,,,,,,1,,,,,,,,,,,,,,,,,,,,,1,,,,,,,,,,,,,,,,,,,,,,1,,,,,,,,,,,,,,,,2,,,,,3,,,,,,,,,,,,,,,,,,,,,,1,,,,,,,,,,,,,,16,none,1,1,1,1,1,1,,,,28,1,6,1,FL_28,,FL_37,,5|1|4|9|8|6|7|3|2,45.4980011,-122.7783966,-1
R_1gRMT4vvWAbtEJq,Default Response Set,Anonymous,,,50.83.33.139,0,3/21/2017 21:59,3/21/2017 22:05,1,,public_noncok,public_cok,secret_cok,flying_fish,warm_ice,liquid_helium,reflective_smoke,self_forming_glass,glowing_rocks,,412861,1,1,,,,,,,,,,,,,,1,,,,,,,,,,,,,,,,,,,1,,,,,,,,,,,,,1,,,,,,,,,,,,,,,,,,,,3,,,,,,,,,,,1,,,,,,,,,,,,,,1,,,,,,,,,,,,,,,,,,16,unsure,1,,,1,,1,,,,32,2,6,1,FL_29,,,FL_42,2|9|7|6|3|8|5|1|4,42.02450562,-91.66200256,-1
R_20SDd9vkAOnpjyh,Default Response Set,Anonymous,,,50.83.33.139,0,3/21/2017 21:46,3/21/2017 22:05,1,,secret_cok,public_cok,public_noncok,glowing_rocks,warm_ice,liquid_helium,self_forming_glass,reflective_smoke,flying_fish,,211537,1,1,1,,,,,,,,,,,,,,,,,,,,1,,,,,,,,,,,,,,,,,,,,,,,,,1,,,,,,,,,,,,,,,,,,,1,,,,,,,,,,,,,,,,,,,,,,,,,4,,,,,,,,,,,,,,1,,,,,16,no,1,,,1,,1,1,,,33,1,6,1,FL_27,FL_31,,,3|9|7|2|5|1|4|8|6,42.02450562,-91.66200256,-1
R_1OZk2XUX8V7Ls7r,Default Response Set,Anonymous,,,50.24.228.62,0,3/21/2017 21:52,3/21/2017 22:07,1,,public_cok,secret_cok,public_noncok,liquid_helium,warm_ice,flying_fish,reflective_smoke,glowing_rocks,self_forming_glass,,449297,1,1,,,,,,,,,,4,,,,,,,,,,,,,,,,,4,,,,,,,,,,,5,,,,,,,,,,,,,,,,,,,,,,6,,,,,,,,,,,,,,,,,,,,,,,,,6,,,,,,,,,,,,,,,,,,,,,,2,,16,No,1,1,1,,1,,1,,,42,2,3,1,FL_28,,FL_36,,3|9|1|4|5|7|2|6|8,30.65179443,-95.5542984,-1
R_r7knt0Bo7G8grL3,Default Response Set,Anonymous,,,50.24.165.128,0,3/21/2017 22:04,3/21/2017 22:07,1,,public_cok,secret_cok,public_noncok,flying_fish,warm_ice,self_forming_glass,reflective_smoke,liquid_helium,glowing_rocks,,350482,1,1,,,,,,,,2,,,,,,,,,,,,,,,,,,,3,,,,,,,,,,,,,,3,,,,,,,,,,,,,,,,,,,4,,,,,,,,,,,,,,,,,,,,,,,,,,,,3,,,,,,,,,,,,,,,4,,,,,,16,n/a,1,1,1,1,1,,,,,30,1,6,1,FL_28,,FL_36,,8|2|9|4|7|3|1|5|6,30.6342926,-96.36299896,-1
R_3Op5m1OsXS1ihlL,Default Response Set,Anonymous,,,66.169.155.224,0,3/21/2017 22:00,3/21/2017 22:07,1,,public_noncok,public_cok,secret_cok,reflective_smoke,glowing_rocks,flying_fish,liquid_helium,warm_ice,self_forming_glass,,685125,1,1,,,,,,,,,,,,,,,,,,1,,,,,,,,,,,,,1,,,,,,,,,,,,,1,,,,,,,,,,,,,,,,,,,,1,,,,,,,,,,,1,,,,,,,,,,,,,,,,,,,,1,,,,,,,,,,,,,,16,N/A,1,1,1,1,1,1,,,,32,2,6,1,FL_29,,,FL_42,7|2|5|9|4|8|3|6|1,32.70069885,-97.38780212,-1
R_1FmN0wxvxHvyWsx,Default Response Set,Anonymous,,,67.85.106.229,0,3/21/2017 21:50,3/21/2017 22:08,1,,public_noncok,public_cok,secret_cok,flying_fish,glowing_rocks,warm_ice,self_forming_glass,reflective_smoke,liquid_helium,,398558,1,1,,,,,,,,,,,,,,6,,,,,,,,,,,,,,,,,4,,,,,,,,,,,,,,6,,,,,,,,,,,,,,,,,,,,4,,,,,,,,,,,,,6,,,,,,,,,,,,,,,,6,,,,,,,,,,,,,,,16,Nope,1,1,,,,1,,1,1,30,1,6,1,FL_29,,,FL_42,1|2|6|8|5|3|9|4|7,40.62249756,-73.96620178,-1
R_2zOxGRu5s1OzpVR,Default Response Set,Anonymous,,,73.2.32.170,0,3/21/2017 22:04,3/21/2017 22:09,1,,public_noncok,secret_cok,public_cok,glowing_rocks,self_forming_glass,flying_fish,reflective_smoke,liquid_helium,warm_ice,,275542,1,1,,,,,,,,,,,,,1,,,,,,,,,,,,,,,,,,,,,,1,,,2,,,,,,,,,,,,,,,,,,,,,,2,,,,,,,,,,,,,,,,,,,,,,1,,,,,,,,,,,,,,,,,1,,,,,,,,,,16,no,1,1,1,1,1,,,,,34,1,6,1,FL_29,,,FL_41,2|9|4|8|3|7|5|6|1,36.80110168,-119.8025055,-1
R_2WSS0Ttk2zbiVgu,Default Response Set,Anonymous,,,73.231.141.43,0,3/21/2017 22:06,3/21/2017 22:09,1,,public_cok,public_noncok,secret_cok,warm_ice,flying_fish,reflective_smoke,glowing_rocks,liquid_helium,self_forming_glass,,397336,1,1,,,,,,,,,2,,,,,,,,,,,,,,,,,3,,,,,,,,,,,,,,,,,,,,,,,,,,,,3,,,,,,,,,,,,,2,,,,,,,,,2,,,,,,,,,,,,,,,,,,,2,,,,,,,,,,,,,,16,none,1,1,1,,1,1,,,,41,2,6,1,FL_28,,FL_37,,3|4|5|8|9|6|7|2|1,37.23620605,-121.8289032,-1
R_1oi1m4HvJhBV27D,Default Response Set,Anonymous,,,66.169.155.224,0,3/21/2017 22:05,3/21/2017 22:10,1,,secret_cok,public_cok,public_noncok,self_forming_glass,glowing_rocks,warm_ice,flying_fish,liquid_helium,reflective_smoke,,559637,1,1,,,,,1,,,,,,,,,,,,,,1,,,,,,,,,,,,,,,,,,,,,,,,,,1,,,,,,,,,,,,,,,,,1,,,,,,,,,,,,,,,,,,,,,,,,,,1,,,,,,,,,,,,,,,,,,,,1,16,None,1,1,1,1,1,1,,,,38,2,6,1,FL_27,FL_31,,,1|9|6|4|5|2|3|8|7,32.70069885,-97.38780212,-1
R_1mt7zugLqD66e8l,Default Response Set,Anonymous,,,208.123.223.156,0,3/21/2017 22:03,3/21/2017 22:11,1,,secret_cok,public_cok,public_noncok,glowing_rocks,flying_fish,self_forming_glass,reflective_smoke,warm_ice,liquid_helium,,441013,1,1,5,,,,,,,,,,,,,,,,,,,6,,,,,,,,,,,,,,,,,,,,,,,,,,,6,,,,,,,,,,,,,,,,,,,6,,,,,,,,,,,,,,,,,,,,,6,,,,,,,,,,,,,,,,,,,6,,,16,no,1,1,1,1,1,1,,,,32,1,6,1,FL_27,FL_31,,,6|9|2|8|5|3|7|1|4,53.5428009,-113.4973984,-1
R_3Eo2LF6ONEhVqyU,Default Response Set,Anonymous,,,184.57.58.141,0,3/21/2017 22:09,3/21/2017 22:14,1,,public_noncok,public_cok,secret_cok,self_forming_glass,reflective_smoke,glowing_rocks,flying_fish,liquid_helium,warm_ice,,545602,1,1,,,,,,,,,,,,,,,,,2,,,,,,,,,,,,,,,,,,,1,,,,,,,1,,,,,,,,,,,,,,,,,,,1,,,,,,,,,,,,,,1,,,,,,,,,,,,,,,,,1,,,,,,,,,,,,,,,,16,no,1,1,1,1,1,1,,,,31,1,6,1,FL_29,,,FL_42,4|7|2|1|6|9|5|8|3,40.02049255,-83.01719666,-1
R_2VKEYebRrZQ9I1V,Default Response Set,Anonymous,,,73.231.141.43,0,3/21/2017 22:12,3/21/2017 22:14,1,,secret_cok,public_noncok,public_cok,self_forming_glass,flying_fish,liquid_helium,reflective_smoke,warm_ice,glowing_rocks,,300193,1,1,,,,,1,,,,,,,,,,,,,,,3,,,,,,,,,,,,,,,,,,,,,,,,,,,,,,,,2,,,,,,,,,,,,,,,,,,,,2,,,,,,,,,1,,,,,,,,,,,,,,,,2,,,,,,,,,,,,16,no,1,1,1,1,,1,,,,43,1,6,1,FL_27,FL_33,,,8|2|9|5|3|7|1|4|6,37.23620605,-121.8289032,-1
R_12tmYbd2kzX1sce,Default Response Set,Anonymous,,,99.64.253.4,0,3/21/2017 21:53,3/21/2017 22:17,1,,secret_cok,public_cok,public_noncok,glowing_rocks,self_forming_glass,warm_ice,liquid_helium,reflective_smoke,flying_fish,,868089,1,1,1,,,,,,,,,,,,,,,,,,,,,,1,,,,,,,,,,,,,,,,,,,,,,1,,,,,,,,,,,,,,,,,,,1,,,,,,,,,,,,,,,,,,,,,,,,,,1,,,,,,,,,,,,,,1,,,,,16,I didn't use any outside sources,1,1,1,1,1,1,,,,29,2,2,1,FL_27,FL_31,,,6|1|2|7|9|3|5|8|4,41.71090698,-87.75810242,-1
R_3DejZKxmIq0rCT6,Default Response Set,Anonymous,,,24.190.220.224,0,3/21/2017 22:15,3/21/2017 22:20,1,,public_noncok,secret_cok,public_cok,reflective_smoke,liquid_helium,warm_ice,self_forming_glass,flying_fish,glowing_rocks,,354639,1,1,,,,,,,,,,,,,,,,,,2,,,,,,,,,,,,,,,,2,,,,,1,,,,,,,,,,,,,,,,,,,,1,,,,,,,,,,,,,,,,,,,,,2,,,,,,,,,,,,,,,,,2,,,,,,,,,,,,16,no,1,1,,1,1,,,,,35,2,3,1,FL_29,,,FL_41,5|8|3|2|9|1|6|4|7,40.87280273,-73.8286972,-1
R_BWGNPPWl9X3asM1,Default Response Set,Anonymous,,,108.196.136.202,0,3/21/2017 22:15,3/21/2017 22:21,1,,public_cok,public_noncok,secret_cok,warm_ice,self_forming_glass,reflective_smoke,glowing_rocks,flying_fish,liquid_helium,,489827,1,1,,,,,,,,,2,,,,,,,,,,,,,,,,,,,,1,,,,,,,,,,,,,,,,,,,,,,,,,2,,,,,,,,,,,,,1,,,,,,,1,,,,,,,,,,,,,,,,,,,,1,,,,,,,,,,,,,,,16,no,1,1,1,1,1,1,,,,38,1,4,1,FL_28,,FL_37,,5|7|1|2|9|3|8|6|4,28.94869995,-95.46340179,-1
R_cDguIQ5VlM3cLRL,Default Response Set,Anonymous,,,23.27.245.203,0,3/21/2017 21:49,3/21/2017 22:22,1,,secret_cok,public_cok,public_noncok,glowing_rocks,warm_ice,self_forming_glass,reflective_smoke,liquid_helium,flying_fish,,937839,1,1,3,,,,,,,,,,,,,,,,,,,,3,,,,,,,,,,,,,,,,,,,,,,,,,,3,,,,,,,,,,,,,,,,,,,4,,,,,,,,,,,,,,,,,,,,,,1,,,,,,,,,,,,,,,,2,,,,,16,no,1,1,1,1,1,1,1,1,1,46,1,6,1,FL_27,FL_31,,,9|5|6|3|7|8|4|2|1,37.33869934,-121.8914032,-1
R_0NXsegvHur0OBN3,Default Response Set,Anonymous,,,66.81.53.67,0,3/21/2017 21:57,3/21/2017 22:28,1,,public_noncok,public_cok,secret_cok,reflective_smoke,glowing_rocks,flying_fish,liquid_helium,self_forming_glass,warm_ice,,176190,1,1,,,,,,,,,,,,,,,,,,3,,,,,,,,,,,,,2,,,,,,,,,,,,,1,,,,,,,,,,,,,,,,,,,,2,,,,,,,,,,,,,1,,,,,,,,,,,,,,,,1,,,,,,,,,,,,,,,,16,No.,1,1,1,1,1,,,,,32,2,6,1,FL_29,,,FL_42,1|9|4|7|5|8|3|2|6,36.65899658,-119.4065018,-1
R_2RVUrCN9rdA9D8U,Default Response Set,Anonymous,,,173.20.45.199,0,3/21/2017 21:46,3/21/2017 22:29,1,,secret_cok,public_cok,public_noncok,glowing_rocks,warm_ice,reflective_smoke,flying_fish,liquid_helium,self_forming_glass,,559233,1,1,3,,,,,,,,,,,,,,,,,,,,2,,,,,,,,,,,,,,,,,,,,,,,,,,,2,,,,,,,,,,,,,,2,,,,,,,,,,,,,,,,,,,,,,,,,,2,,,,,,,,,,,,,,,,,,,1,,16,None,1,1,1,1,1,,,,,28,1,6,1,FL_27,FL_31,,,8|6|9|2|5|7|4|3|1,33.4151001,-111.5495987,-1
R_2afWuODSywONyw4,Default Response Set,Anonymous,,,66.69.243.166,0,3/21/2017 22:26,3/21/2017 22:30,1,,secret_cok,public_noncok,public_cok,flying_fish,reflective_smoke,self_forming_glass,glowing_rocks,warm_ice,liquid_helium,,469984,1,1,,1,,,,,,,,,,,,,,,,,,,,,,1,,,,,,,,,,,,,,,,,,,,,,,,,,,,,1,,,,,,,,,,,,,,1,,,,,,,,,,,,,,1,,,,,,,,,,,,,,,,,,,1,,,,,,,,,2,none,1,1,1,1,1,1,1,,,64,2,6,1,FL_27,FL_33,,,5|8|9|1|2|7|4|3|6,30.1678009,-97.82250214,-1
R_1f1Oz9w69509JhW,Default Response Set,Anonymous,,,73.239.35.38,0,3/21/2017 22:20,3/21/2017 22:30,1,,public_cok,secret_cok,public_noncok,glowing_rocks,liquid_helium,flying_fish,self_forming_glass,reflective_smoke,warm_ice,,734284,1,1,,,,,,,5,,,,,,,,,,,,,,,,,,,,,4,,,,,,,,,,2,,,,,,,,,,,,,,,,,,,,,5,,,,,,,,,,,,,,,,,,,,,,,,,,,,,,,4,,,,,,,,,,,,,,,2,,,,16,No,1,,1,1,1,1,1,,,27,1,6,1,FL_28,,FL_36,,5|9|4|2|6|3|8|1|7,47.78770447,-117.4555054,-1
R_bOb4IWRzrZXlxWp,Default Response Set,Anonymous,,,23.226.163.196,0,3/21/2017 22:19,3/21/2017 22:30,1,,public_cok,secret_cok,public_noncok,glowing_rocks,self_forming_glass,reflective_smoke,warm_ice,flying_fish,liquid_helium,,711648,1,1,,,,,,,6,,,,,,,,,,,,,,,,,,,,,,6,,,,,,,,,,,,,4,,,,,,,,,,,,,,,4,,,,,,,,,,,,,,,,,,,,,,,,,,,,,3,,,,,,,,,,,,,,,,,,,,2,,,16,none,1,1,1,1,1,1,,,,35,1,6,1,FL_28,,FL_36,,5|2|4|9|7|1|6|3|8,37.4382019,-84.0510025,-1
R_1KxOMvIyyFPWyC9,Default Response Set,Anonymous,,,96.246.98.25,0,3/21/2017 22:28,3/21/2017 22:32,1,,secret_cok,public_cok,public_noncok,warm_ice,reflective_smoke,liquid_helium,self_forming_glass,flying_fish,glowing_rocks,,387124,1,1,,,1,,,,,,,,,,,,,,,,,,,,,1,,,,,,,,,,,,,,,,,,,,,,1,,,,,,,,,,,,,,,,,,,1,,,,,,,,,,,,,,,,,,,,,1,,,,,,,,,,,,,,,,,1,,,,,,16,none,1,1,1,1,1,,,,,29,2,2,1,FL_27,FL_31,,,8|5|1|7|6|9|3|2|4,40.62339783,-74.02880096,-1
R_12t295EtSHiK7gg,Default Response Set,Anonymous,,,76.168.72.51,0,3/21/2017 22:00,3/21/2017 22:36,1,,secret_cok,public_noncok,public_cok,liquid_helium,reflective_smoke,flying_fish,warm_ice,self_forming_glass,glowing_rocks,,710573,1,1,,,,2,,,,,,,,,,,,,,,,,,,,1,,,,,,,,,,,,,,,,,,,,,,,,,,1,,,,,,,,,,,,,,,,,,,1,,,,,,,,,,,,,,3,,,,,,,,,,,,,,3,,,,,,,,,,,,16,No,1,1,1,1,1,1,,,,41,2,4,1,FL_27,FL_33,,,2|4|9|6|3|8|1|7|5,33.94900513,-118.2460022,-1
R_1DG7Tzf5AzST0wK,Default Response Set,Anonymous,,,71.187.14.109,0,3/21/2017 22:32,3/21/2017 22:37,1,,public_cok,public_noncok,secret_cok,flying_fish,self_forming_glass,glowing_rocks,warm_ice,reflective_smoke,liquid_helium,,733134,1,1,,,,,,,,1,,,,,,,,,,,,,,,,,,,,,4,,,,,,,,,,,,,,,,,,,,1,,,,,,,,,,,,,,,,,,,,1,,,,,,,,,4,,,,,,,,,,,,,,,,1,,,,,,,,,,,,,,,16,No.,1,1,1,1,1,1,,,,27,1,2,1,FL_28,,FL_37,,9|7|1|4|2|8|5|3|6,40.91209412,-74.17479706,-1
R_8vxL6RjJiHnPWkp,Default Response Set,Anonymous,,,104.174.223.0,0,3/21/2017 22:31,3/21/2017 22:37,1,,public_noncok,public_cok,secret_cok,warm_ice,glowing_rocks,self_forming_glass,liquid_helium,reflective_smoke,flying_fish,,683310,1,1,,,,,,,,,,,,,,,2,,,,,,,,,,,,,,,,1,,,,,,,,,,,,,,,,2,,,,,,,,,,,,,,,,,1,,,,,,,,,,,,,,1,,,,,,,,,,,,,,1,,,,,,,,,,,,,,,,,16,None,1,1,1,1,1,,,,,27,1,2,1,FL_29,,,FL_42,1|9|2|8|7|5|6|3|4,34.07899475,-117.8493958,-1
R_Z8IUhbYUvFRlqnf,Default Response Set,Anonymous,,,69.251.178.236,0,3/21/2017 22:33,3/21/2017 22:39,1,,secret_cok,public_noncok,public_cok,glowing_rocks,self_forming_glass,flying_fish,liquid_helium,reflective_smoke,warm_ice,,765526,1,1,1,,,,,,,,,,,,,,,,,,,,,,1,,,,,,,,,,,,,,,,,,,,,,,,,,,1,,,,,,,,,,,,,,,,,,,,1,,,,,,,,,,,,,,1,,,,,,,,,,,,,,,1,,,,,,,,,,16,no,1,1,,1,1,,,,,29,1,6,1,FL_27,FL_33,,,4|1|8|6|3|5|9|2|7,39.0059967,-77.10250092,-1
R_2SleFThDIIu2zvY,Default Response Set,Anonymous,,,173.245.88.3,0,3/21/2017 22:42,3/21/2017 22:45,1,,public_cok,secret_cok,public_noncok,glowing_rocks,reflective_smoke,self_forming_glass,warm_ice,liquid_helium,flying_fish,,751165,1,1,,,,,,,5,,,,,,,,,,,,,,,,,,,,,,,6,,,,,,,,,,,7,,,,,,,,,,,,,,,,7,,,,,,,,,,,,,,,,,,,,,,,,,,,,,,,4,,,,,,,,,,,,,,,,5,,,,,16,,,,,1,,,,,,29,1,6,1,FL_28,,FL_36,,6|3|9|7|5|2|8|4|1,37.33869934,-121.8914032,-1
R_1Krv7tBpWj5im9H,Default Response Set,Anonymous,,,199.244.48.209,0,3/21/2017 22:42,3/21/2017 22:46,1,,secret_cok,public_cok,public_noncok,reflective_smoke,flying_fish,self_forming_glass,glowing_rocks,liquid_helium,warm_ice,,620737,1,1,,,,,,6,,,,,,,,,,,,,,6,,,,,,,,,,,,,,,,,,,,,,,,,,,6,,,,,,,,,,,,,,6,,,,,,,,,,,,,,,,,,,,,,,,,,,6,,,,,,,,,,,,,,,,,6,,,,16,none,,,,1,,,,,,27,1,6,1,FL_27,FL_31,,,3|5|7|2|8|6|9|4|1,44.46980286,-123.3430023,-1
R_21ivZ8Xq54TFgUw,Default Response Set,Anonymous,,,52.144.47.7,0,3/21/2017 22:42,3/21/2017 22:46,1,,public_cok,public_noncok,secret_cok,flying_fish,liquid_helium,reflective_smoke,warm_ice,self_forming_glass,glowing_rocks,,973906,1,1,,,,,,,,5,,,,,,,,,,,,,,,,,,,,6,,,,,,,,,,,,,,,,,,,,,,,,,,7,,,,,,,,,,,,,,,6,,,,,,,,5,,,,,,,,,,,,,,5,,,,,,,,,,,,,,,,,,16,nope,,,,1,,,,,,25,1,6,1,FL_28,,FL_37,,1|2|5|6|3|4|7|9|8,40.76539612,-73.81739807,-1
R_1jksU8TGVhE9Qq9,Default Response Set,Anonymous,,,45.116.233.18,0,3/21/2017 22:32,3/21/2017 22:57,1,,public_noncok,secret_cok,public_cok,reflective_smoke,flying_fish,liquid_helium,self_forming_glass,glowing_rocks,warm_ice,,415936,1,1,,,,,,,,,,,,,,,,,,6,,,,,,,,,,,,,,6,,,,,,,,6,,,,,,,,,,,,,,,,,,,5,,,,,,,,,,,,,,,,,,,,5,,,,,,,,,,,,,,,,,,,,3,,,,,,,,,,16,no,1,1,1,1,1,1,1,1,1,43,2,2,1,FL_29,,,FL_41,3|5|6|9|7|8|2|4|1,24.90559387,67.0821991,-1
R_0Mvl4oufxicJb9v,Default Response Set,Anonymous,,,73.40.220.130,0,3/21/2017 22:56,3/21/2017 22:59,1,,public_noncok,secret_cok,public_cok,reflective_smoke,glowing_rocks,self_forming_glass,liquid_helium,warm_ice,flying_fish,,639869,1,1,,,,,,,,,,,,,,,,,,1,,,,,,,,,,,,,1,,,,,,,,,,2,,,,,,,,,,,,,,,,,2,,,,,,,,,,,,,,,,,,,,,,,1,,,,,,,,,,,,,,,,,2,,,,,,,,,,,16,,1,1,,1,1,1,,,,24,1,6,1,FL_29,,,FL_41,4|8|1|2|5|6|9|3|7,40.46809387,-79.91139984,-1
R_2UhMNJWunncWmNs,Default Response Set,Anonymous,,,108.29.177.240,0,3/21/2017 22:58,3/21/2017 23:03,1,,secret_cok,public_noncok,public_cok,liquid_helium,glowing_rocks,self_forming_glass,flying_fish,warm_ice,reflective_smoke,,406523,1,1,,,,2,,,,,,,,,,,,,,,3,,,,,,,,,,,,,,,,,,,,,,,,,,,,,,,,,,1,,,,,,,,,,,,,,,1,,,,,,,,,,,,,1,,,,,,,,,,,,,,,,,,,,,1,,,,,,,16,No,1,1,1,1,1,1,,,,34,1,4,1,FL_27,FL_33,,,2|6|3|5|8|1|4|9|7,40.76159668,-73.79489899,-1
R_Om3Pk9Pp9TGfBMl,Default Response Set,Anonymous,,,67.186.29.207,0,3/21/2017 22:54,3/21/2017 23:04,1,,public_cok,secret_cok,public_noncok,liquid_helium,self_forming_glass,reflective_smoke,glowing_rocks,warm_ice,flying_fish,,241683,1,1,,,,,,,,,,3,,,,,,,,,,,,,,,,,,,4,,,,,,,,,,,,,3,,,,,,,,,,,,,5,,,,,,,,,,,,,,,,,,,,,,,,,,,,,,,,2,,,,,,,,,,,,,,,,,3,,,,,16,none,1,1,1,1,1,1,,,,31,1,6,1,FL_28,,FL_36,,2|5|6|9|7|1|3|4|8,40.33560181,-79.55069733,-1
R_0xixLstEkDCMCUF,Default Response Set,Anonymous,,,216.15.81.217,0,3/21/2017 22:58,3/21/2017 23:08,1,,public_noncok,public_cok,secret_cok,flying_fish,warm_ice,glowing_rocks,reflective_smoke,self_forming_glass,liquid_helium,,937341,1,1,,,,,,,,,,,,,,2,,,,,,,,,,,,,,,,,,,1,,,,,,,,,,3,,,,,,,,,,,,,,,,,,,,,,,1,,,,,,,,,,,1,,,,,,,,,,,,,,,,,1,,,,,,,,,,,,,,,16,No,1,,1,1,1,1,1,,,21,1,3,1,FL_29,,,FL_42,5|8|4|7|2|9|3|6|1,40.69099426,-75.27929688,-1
R_12flgDqIQ2Vczn3,Default Response Set,Anonymous,,,73.235.94.174,0,3/21/2017 23:00,3/21/2017 23:09,1,,public_cok,public_noncok,secret_cok,flying_fish,liquid_helium,warm_ice,reflective_smoke,glowing_rocks,self_forming_glass,,467321,1,1,,,,,,,,1,,,,,,,,,,,,,,,,,,,,3,,,,,,,,,,,,,,,,,,,,,,,3,,,,,,,,,,,,,,,,,,,,,1,1,,,,,,,,,,,,,,,,,,,,,,2,,,,,,,,,,,,,,16,no,1,1,1,,1,1,1,,,30,2,6,1,FL_28,,FL_37,,3|8|1|5|2|7|9|6|4,38.68569946,-121.0821991,-1
R_25Tq9bcV1i0LKHx,Default Response Set,Anonymous,,,66.169.155.224,0,3/21/2017 23:09,3/21/2017 23:12,1,,public_cok,public_noncok,secret_cok,liquid_helium,glowing_rocks,flying_fish,reflective_smoke,self_forming_glass,warm_ice,,527789,1,1,,,,,,,,,,1,,,,,,,,,,,,,,,1,,,,,,,,,,,,,,,,,,,,,,,,,1,,,,,,,,,,,,,,,,,,,,,,1,,,,,1,,,,,,,,,,,,,,,,1,,,,,,,,,,,,,,,,16,None,1,1,1,1,1,1,,,,23,1,6,1,FL_28,,FL_37,,3|9|7|4|1|5|6|2|8,32.70069885,-97.38780212,-1
R_1CqB2k8wT8j8zIS,Default Response Set,Anonymous,,,75.142.177.2,0,3/21/2017 23:15,3/21/2017 23:17,1,,secret_cok,public_cok,public_noncok,warm_ice,reflective_smoke,flying_fish,glowing_rocks,liquid_helium,self_forming_glass,,990656,1,1,,,1,,,,,,,,,,,,,,,,,,,,,2,,,,,,,,,,,,,,,,,,,,2,,,,,,,,,,,,,,,,,1,,,,,,,,,,,,,,,,,,,,,,,,,,,1,,,,,,,,,,,,,,,,,,,2,,16,no,1,1,1,1,1,1,,,,23,1,6,1,FL_27,FL_31,,,7|1|5|2|6|3|4|8|9,32.7545929,-97.78759766,-1
R_2s0cJCHmSBEWebY,Default Response Set,Anonymous,,,68.43.4.146,0,3/21/2017 23:24,3/21/2017 23:40,1,,public_cok,secret_cok,public_noncok,flying_fish,liquid_helium,reflective_smoke,self_forming_glass,warm_ice,glowing_rocks,,372702,1,1,,,,,,,,3,,,,,,,,,,,,,,,,,,,,1,,,,,,,,,,,,,,1,,,,,,,,,,,,,,,,,1,,,,,,,,,,,,,,,,,,,,,,,,,,,,1,,,,,,,,,,,,,,,,1,,,,,,16,none,1,1,1,1,1,1,,,,37,1,7,1,FL_28,,FL_36,,7|5|2|4|9|3|6|1|8,42.2223053,-83.39659882,-1
R_2SHNh6Kttn2csPz,Default Response Set,Anonymous,,,27.62.79.57,0,3/22/2017 0:01,3/22/2017 0:21,1,,secret_cok,public_noncok,public_cok,warm_ice,self_forming_glass,glowing_rocks,liquid_helium,flying_fish,reflective_smoke,,238350,1,1,,,4,,,,,,,,,,,,,,,,,,,,5,,,,,,,,,,,,,,,,,,,,,,,,,,3,,,,,,,,,,,,,,,,,,,,,3,,,,,,,,,,5,,,,,,,,,,,,,,,,,,,,,,7,,,,,,,16,No,1,1,1,1,1,1,,,,28,2,2,1,FL_27,FL_33,,,2|7|9|8|3|5|6|1|4,13.08329773,80.28329468,-1
R_2UbbgFtF7BbqT2g,Default Response Set,Anonymous,,,24.90.180.91,0,3/22/2017 0:12,3/22/2017 0:23,1,,public_noncok,secret_cok,public_cok,reflective_smoke,self_forming_glass,warm_ice,liquid_helium,flying_fish,glowing_rocks,,375518,1,1,,,,,,,,,,,,,,,,,,2,,,,,,,,,,,,,,,,,2,,,,1,,,,,,,,,,,,,,,,,,,1,,,,,,,,,,,,,,,,,,,,,,2,,,,,,,,,,,,,,,,,2,,,,,,,,,,,,16,none,1,1,1,1,1,1,,,,40,2,6,1,FL_29,,,FL_41,1|2|6|9|4|7|5|8|3,40.75059509,-73.82039642,-1
R_3qQjbjyIxksc3YY,Default Response Set,Anonymous,,,68.42.113.217,0,3/22/2017 0:24,3/22/2017 0:27,1,,secret_cok,public_cok,public_noncok,glowing_rocks,self_forming_glass,reflective_smoke,liquid_helium,flying_fish,warm_ice,,510157,1,1,1,,,,,,,,,,,,,,,,,,,,,,2,,,,,,,,,,,,,,,,,,,,,,,,,1,,,,,,,,,,,,,,,,1,,,,,,,,,,,,,,,,,,,,,,1,,,,,,,,,,,,,,,,,,,1,,,,16,no,1,1,1,1,1,1,,,,30,1,6,1,FL_27,FL_31,,,3|7|4|5|6|2|9|8|1,42.272995,-83.59940338,-1
R_poBpuWkjHoGlobf,Default Response Set,Anonymous,,,68.100.174.128,0,3/22/2017 0:27,3/22/2017 0:29,1,,public_cok,public_noncok,secret_cok,glowing_rocks,flying_fish,warm_ice,reflective_smoke,self_forming_glass,liquid_helium,,187169,1,1,,,,,,,1,,,,,,,,,,,,,,,,,,,1,,,,,,,,,,,,,,,,,,,,,,,,,1,,,,,,,,,,,,,,,,,,,,,1,,,,,1,,,,,,,,,,,,,,,,,1,,,,,,,,,,,,,,,16,no,1,1,1,1,1,1,,,,25,1,2,1,FL_28,,FL_37,,1|4|8|7|3|6|5|2|9,38.82090759,-77.28910065,-1
R_3PjK82CwDmiG5xn,Default Response Set,Anonymous,,,98.242.184.133,0,3/21/2017 23:15,3/22/2017 0:42,1,,public_cok,secret_cok,public_noncok,self_forming_glass,glowing_rocks,reflective_smoke,warm_ice,liquid_helium,flying_fish,,900407,1,1,,,,,,,,,,,1,,,,,,,,,,,,,,4,,,,,,,,,,,,,,,,,1,,,,,,,,,,,,,,,3,,,,,,,,,,,,,,,,,,,,,,,,,,,,,,,3,,,,,,,,,,,,,,,,2,,,,,16,N/A,,1,1,1,1,1,1,,1,25,1,6,1,FL_28,,FL_36,,5|7|3|9|1|8|6|2|4,25.75410461,-80.27100372,-1
R_8kLHrOKRH9CxqXD,Default Response Set,Anonymous,,,76.120.139.254,0,3/22/2017 0:39,3/22/2017 0:43,1,,public_noncok,public_cok,secret_cok,self_forming_glass,warm_ice,liquid_helium,flying_fish,reflective_smoke,glowing_rocks,,758711,1,1,,,,,,,,,,,,,,,,,1,,,,,,,,,,,,,,,,1,,,,,,,,,,,,,1,,,,,,,,,,,,,,,,1,,,,,,,,,,,,,,,,1,,,,,,,,,,,,,1,,,,,,,,,,,,,,,,,,16,no,1,1,1,1,1,1,,,,30,1,6,1,FL_29,,,FL_42,9|5|6|8|7|2|1|4|3,40.05819702,-80.63619995,-1
R_33kWlK0XSkgt8r1,Default Response Set,Anonymous,,,67.246.89.139,0,3/22/2017 0:43,3/22/2017 0:57,1,,public_cok,public_noncok,secret_cok,warm_ice,flying_fish,liquid_helium,self_forming_glass,reflective_smoke,glowing_rocks,,301965,1,1,,,,,,,,,3,,,,,,,,,,,,,,,,,5,,,,,,,,,,,,,,,,,,,,,,,,,,3,,,,,,,,,,,,,,,,,,,1,,,,,,,1,,,,,,,,,,,,,4,,,,,,,,,,,,,,,,,,16,Nope!,1,1,,1,1,1,1,,,31,1,6,1,FL_28,,FL_37,,4|1|9|3|8|7|5|2|6,43.3480072,-76.34220123,-1
R_5cDJ6ixXlIM5tnP,Default Response Set,Anonymous,,,76.104.91.231,0,3/22/2017 0:55,3/22/2017 0:57,1,,secret_cok,public_noncok,public_cok,warm_ice,glowing_rocks,self_forming_glass,liquid_helium,flying_fish,reflective_smoke,,341925,1,1,,,2,,,,,,,,,,,,,,,,2,,,,,,,,,,,,,,,,,,,,,,,,,,,,,,,,,,2,,,,,,,,,,,,,,,,,2,,,,,,,,,,4,,,,,,,,,,,,,,,,,,,,,,3,,,,,,,16,no,1,1,1,1,1,1,,,,28,1,6,1,FL_27,FL_33,,,1|2|7|4|5|8|9|6|3,37.55769348,-77.37689972,-1
R_2OPXbhn5vnOT8Jy,Default Response Set,Anonymous,,,73.211.139.11,0,3/22/2017 1:23,3/22/2017 1:32,1,,public_noncok,secret_cok,public_cok,glowing_rocks,self_forming_glass,liquid_helium,flying_fish,reflective_smoke,warm_ice,,689605,1,1,,,,,,,,,,,,,1,,,,,,,,,,,,,,,,,,,,,,1,,,,,1,,,,,,,,,,,,,,,,2,,,,,,,,,,,,,,,,,,,,,,,,,,,,3,,,,,,,,,,,,,,,1,,,,,,,,,,16,No.,1,1,1,,1,1,1,,,42,1,3,1,FL_29,,,FL_41,5|1|7|3|9|2|8|4|6,42.37379456,-87.94400024,-1
R_3JEjDz8B6OWXfIF,Default Response Set,Anonymous,,,24.180.104.223,0,3/22/2017 1:30,3/22/2017 1:32,1,,secret_cok,public_cok,public_noncok,self_forming_glass,glowing_rocks,liquid_helium,reflective_smoke,warm_ice,flying_fish,,981961,1,1,,,,,3,,,,,,,,,,,,,,3,,,,,,,,,,,,,,,,,,,,,,,,,,,2,,,,,,,,,,,,,,,,,,,,3,,,,,,,,,,,,,,,,,,,,,3,,,,,,,,,,,,,,,,,2,,,,,16,nope,1,1,1,,1,1,,,,24,1,6,1,FL_27,FL_31,,,3|4|8|9|6|1|2|5|7,43.56739807,-83.82209778,-1
R_3kBSQjA5EQNEp1Y,Default Response Set,Anonymous,,,24.21.67.221,0,3/22/2017 1:20,3/22/2017 1:43,1,,public_noncok,public_cok,secret_cok,liquid_helium,warm_ice,glowing_rocks,flying_fish,reflective_smoke,self_forming_glass,,171241,1,1,,,,,,,,,,,,,,,,,,,,,,,,,,,,,,,,,6,,,,,,,,,,6,,,,,,,,,,,,,,,,,,,6,,,,,,,,,,,,,,,,6,,,,,,,,,,,,,,,,,6,,,,,,,,,,,,,,16,no,1,1,1,1,1,1,,,,31,1,6,1,FL_29,,,FL_42,3|2|6|9|4|7|8|5|1,45.63000488,-122.5198975,-1
R_1gvzwFG55yFnJf0,Default Response Set,Anonymous,,,73.7.95.169,0,3/22/2017 2:08,3/22/2017 2:25,1,,public_cok,secret_cok,public_noncok,reflective_smoke,warm_ice,flying_fish,liquid_helium,glowing_rocks,self_forming_glass,,353901,1,1,,,,,,,,,,,,1,,,,,,,,,,,,,,,1,,,,,,,,,,,1,,,,,,,,,,,,,,,,,,,,1,,,,,,,,,,,,,,,,,,,,,,,,,,,1,,,,,,,,,,,,,,,,,,,,,,1,,16,No.,1,1,1,1,1,1,,,,29,1,3,1,FL_28,,FL_36,,1|7|2|5|8|9|3|6|4,33.29060364,-84.26589966,-1
R_2uCD66i1MUcyldS,Default Response Set,Anonymous,,,99.153.69.130,0,3/22/2017 2:37,3/22/2017 2:52,1,,public_noncok,secret_cok,public_cok,self_forming_glass,warm_ice,flying_fish,glowing_rocks,reflective_smoke,liquid_helium,,488798,1,1,,,,,,,,,,,,,,,,,4,,,,,,,,,,,,,,,,3,,,,,7,,,,,,,,,,,,,,,,,7,,,,,,,,,,,,,,,,,,,,,,,,,,,,,7,,,,,,,,,,,,,,,,7,,,,,,,,,16,no,1,1,1,1,1,1,,,,48,2,6,1,FL_29,,,FL_41,3|5|2|9|6|1|7|4|8,30.3999939,-97.75279999,-1
R_2Yy6QBakJvEtpxq,Default Response Set,Anonymous,,,71.56.151.182,0,3/22/2017 2:55,3/22/2017 2:59,1,,secret_cok,public_noncok,public_cok,liquid_helium,self_forming_glass,warm_ice,reflective_smoke,flying_fish,glowing_rocks,,730916,1,1,,,,1,,,,,,,,,,,,,,,,,,,1,,,,,,,,,,,,,,,,,,,,,,,,,,,,1,,,,,,,,,,,,,,,,,,,,,1,,,,,,,,4,,,,,,,,,,,,,,,,,4,,,,,,,,,,,,16,none,1,1,1,1,1,1,,,,55,1,6,1,FL_27,FL_33,,,5|1|7|2|8|3|6|4|9,44.63909912,-123.2709961,-1
R_2EpmUdIMC2xDXMr,Default Response Set,Anonymous,,,73.216.148.113,0,3/22/2017 2:57,3/22/2017 2:59,1,,public_noncok,public_cok,secret_cok,reflective_smoke,glowing_rocks,flying_fish,self_forming_glass,warm_ice,liquid_helium,,683781,1,1,,,,,,,,,,,,,,,,,,4,,,,,,,,,,,,,5,,,,,,,,,,,,,3,,,,,,,,,,,,,,,,,,,,,2,,,,,,,,,,2,,,,,,,,,,,,,,,,,,,2,,,,,,,,,,,,,,,16,no,1,,1,,1,,,,,30,1,7,1,FL_29,,,FL_42,3|2|7|9|6|5|8|1|4,37.51600647,-77.50050354,-1
R_2aeh1yk1N4BiLxS,Default Response Set,Anonymous,,,68.185.130.118,0,3/22/2017 2:55,3/22/2017 3:00,1,,public_cok,public_noncok,secret_cok,flying_fish,self_forming_glass,glowing_rocks,liquid_helium,reflective_smoke,warm_ice,,124136,1,1,,,,,,,,3,,,,,,,,,,,,,,,,,,,,,4,,,,,,,,,,,,,,,,,,,,1,,,,,,,,,,,,,,,,,,,,,3,,,,,,,,6,,,,,,,,,,,,,,,4,,,,,,,,,,,,,,,,16,no,1,1,1,1,1,,1,,,39,1,6,1,FL_28,,FL_37,,4|3|2|1|8|5|9|6|7,35.11549377,-84.82109833,-1
R_1KpQX3KAmC3nOyw,Default Response Set,Anonymous,,,71.112.137.63,0,3/22/2017 3:18,3/22/2017 3:23,1,,secret_cok,public_cok,public_noncok,glowing_rocks,warm_ice,flying_fish,self_forming_glass,reflective_smoke,liquid_helium,,835459,1,1,2,,,,,,,,,,,,,,,,,,,,3,,,,,,,,,,,,,,,,,,,,,,,2,,,,,,,,,,,,,,,,,,,,,2,,,,,,,,,,,,,,,,,,,,,,,,,2,,,,,,,,,,,,,,,,2,,,16,no,1,,,1,1,,1,,,33,2,6,1,FL_27,FL_31,,,7|2|1|9|4|6|3|8|5,40.3730011,-79.85320282,-1
R_RKaS7AttjtXomml,Default Response Set,Anonymous,,,98.201.32.229,0,3/22/2017 4:30,3/22/2017 4:35,1,,public_cok,public_noncok,secret_cok,warm_ice,self_forming_glass,flying_fish,liquid_helium,glowing_rocks,reflective_smoke,,164817,1,1,,,,,,,,,1,,,,,,,,,,,,,,,,,,,,1,,,,,,,,,,,,,,,,,,,,,1,,,,,,,,,,,,,,,,,,,,1,,,1,,,,,,,,,,,,,,,,,,,,,,,1,,,,,,,,,,,,,16,no,1,1,1,1,1,1,,,,34,2,4,1,FL_28,,FL_37,,9|3|1|5|2|6|4|8|7,29.80310059,-94.98020172,-1
R_3ni2JTUFRV6YQGT,Default Response Set,Anonymous,,,24.225.84.65,0,3/22/2017 4:43,3/22/2017 4:46,1,,public_noncok,public_cok,secret_cok,flying_fish,glowing_rocks,liquid_helium,self_forming_glass,reflective_smoke,warm_ice,,150807,1,1,,,,,,,,,,,,,,1,,,,,,,,,,,,,,,,,1,,,,,,,,,,,,,,,1,,,,,,,,,,,,,,,,,,,1,,,,,,,,,,,,,2,,,,,,,,,,,,,,,2,,,,,,,,,,,,,,,,16,no,1,1,1,1,1,,,,,43,1,6,1,FL_29,,,FL_42,3|5|1|4|6|9|7|2|8,35.96659851,-79.04100037,-1
R_cuwV5YSMNDU6dPj,Default Response Set,Anonymous,,,99.14.176.205,0,3/22/2017 2:50,3/22/2017 6:46,1,,public_noncok,secret_cok,public_cok,reflective_smoke,self_forming_glass,liquid_helium,warm_ice,glowing_rocks,flying_fish,,684210,1,1,,,,,,,,,,,,,,,,,,1,,,,,,,,,,,,,,,,,1,,,,,1,,,,,,,,,,,,,,,,,2,,,,,,,,,,,,,,,,,,,,,,2,,,,,,,,,,,,,,,,,,,2,,,,,,,,,,,16,No.,1,1,1,1,1,1,1,,,54,2,6,1,FL_29,,,FL_41,8|1|6|9|4|5|2|3|7,30.05760193,-82.60209656,-1
R_2af3eGwFjVrDhSh,Default Response Set,Anonymous,,,209.95.50.68,0,3/22/2017 7:20,3/22/2017 7:23,1,,secret_cok,public_noncok,public_cok,glowing_rocks,flying_fish,self_forming_glass,reflective_smoke,warm_ice,liquid_helium,,546685,1,1,5,,,,,,,,,,,,,,,,,,,3,,,,,,,,,,,,,,,,,,,,,,,,,,,,,,,,,4,,,,,,,,,,,,,,,,,,,3,,,,,,,,,6,,,,,,,,,,,,,,,,,,,4,,,,,,,,,16,None,1,1,1,1,1,,,,,34,1,2,1,FL_27,FL_33,,,2|3|9|7|4|5|1|8|6,40.73080444,-73.99749756,-1
R_26kJOwaoF2g4D4O,Default Response Set,Anonymous,,,75.167.168.207,0,3/22/2017 8:12,3/22/2017 8:35,1,,public_cok,public_noncok,secret_cok,self_forming_glass,glowing_rocks,flying_fish,warm_ice,reflective_smoke,liquid_helium,,467720,1,1,,,,,,,,,,,1,,,,,,,,,,,,,,1,,,,,,,,,,,,,,,,,,,,,,,,,1,,,,,,,,,,,,,,,,,,,1,,,,,,,,,1,,,,,,,,,,,,,,,,1,,,,,,,,,,,,,,,16,"No, I didn't use any other websites, or applications.",1,1,1,1,1,1,,,,60,2,6,1,FL_28,,FL_37,,3|7|4|9|1|5|8|6|2,43.63200378,-116.2837982,-1
R_1doQXSr8iIGyVTX,Default Response Set,Anonymous,,,8.35.166.43,0,3/22/2017 8:41,3/22/2017 8:44,1,,public_noncok,secret_cok,public_cok,flying_fish,glowing_rocks,self_forming_glass,liquid_helium,warm_ice,reflective_smoke,,185007,1,1,,,,,,,,,,,,,,1,,,,,,,,,,,,,,,,,1,,,,,,,,,,1,,,,,,,,,,,,,,,,,1,,,,,,,,,,,,,,,,,,,,,,,2,,,,,,,,,,,,,,,,,,,,,3,,,,,,,16,No,1,1,1,1,1,1,,,,32,1,6,1,FL_29,,,FL_41,7|2|4|3|6|8|5|9|1,42.7684021,-78.88710022,-1
